event_id,lane,models,run_id,start_utc,end_utc,time_basis,phase,matrix,planned,execution_accounting,score_accounting,count_unit,issue_found,followup,final_selection,excluded_model_in_current_report,evidence,known_limitations,additional_accounting
k3-text-smoke,selfserve,"[""Kimi K3""]",smoke,2026-09-07T08:58:12.290653+00:00,2026-09-07T09:03:27.616265+00:00,"frozen generation progress.started_at/finished_at, not zero-call resume",smoke,Real task smoke: 9 N1 traces + 18 N2 strategy pools / 45 agent traces; 15 subprocess jobs.,"{""expgym_traces"": 9, ""poolact_agent_traces"": 36, ""poolact_paper_agent_traces"": 36, ""poolact_paper_results"": 18, ""poolact_results"": 18, ""subprocess_jobs"": 15, ""total_agent_traces"": 45}","{""completed"": 15, ""failed"": 0, ""interrupted"": 0, ""pending"": 0, ""running"": 0}","{""saved_completed_counts"": {""expgym_traces"": 9, ""poolact_agent_traces"": 36, ""poolact_paper_agent_traces"": 36, ""poolact_paper_results"": 18, ""poolact_results"": 18, ""subprocess_jobs"": 15, ""total_agent_traces"": 45}, ""scope"": ""progress accounting; full_v3 also had independent scoring audits""}",Units and scope remain explicit in each accounting object; not necessarily logical slots or strict scores.,During v1 full: quoted Answer marker was parsed as the final-answer start; invalid NAS101-B final configuration could raise rather than persist a scored invalid answer. NAS101 B/C prompt encoding mismatch was identified but its candidate prompt patch was not applied in this cohort.,Same-version pilot promoted into full; v1/v2 full stopped and all formal work was replaced by uniform v3. All three versions later superseded in the main comparison by native portable study.,validation_only,False,"[""/lustrefs/users/chufan.shi/codex_space_tn/kimi_k3_eval/runs/smoke/progress.json"", ""/lustrefs/users/chufan.shi/codex_space_tn/kimi_k3_eval/runs/smoke/manifest.json"", ""/lustrefs/users/chufan.shi/codex_space_tn/kimi_k3_eval/RECOVERY_PLAN.md"", ""/lustrefs/users/chufan.shi/codex_space_tn/kimi_k3_eval/README.md""]","[""Full progress includes byte-identical pilot promotion; do not sum pilot and full as independent executions."", ""Completed job counts are not the same unit as individual traces or PoolAct strategy pools.""]",{}
k3-text-pilot,selfserve,"[""Kimi K3""]",pilot,2026-09-07T09:04:15.106146+00:00,2026-09-07T09:17:01.567751+00:00,"frozen generation progress.started_at/finished_at, not zero-call resume",smoke,"Real 30-step/N4 pilot: 42 N1 traces + 54 N4 pools / 258 agent traces; 36 subprocess jobs. Same-version pilot bytes promoted into full, not additional independent samples.","{""expgym_traces"": 42, ""poolact_agent_traces"": 216, ""poolact_paper_agent_traces"": 72, ""poolact_paper_results"": 18, ""poolact_results"": 54, ""subprocess_jobs"": 36, ""total_agent_traces"": 258}","{""completed"": 36, ""failed"": 0, ""interrupted"": 0, ""pending"": 0, ""running"": 0}","{""saved_completed_counts"": {""expgym_traces"": 42, ""poolact_agent_traces"": 216, ""poolact_paper_agent_traces"": 72, ""poolact_paper_results"": 18, ""poolact_results"": 54, ""subprocess_jobs"": 36, ""total_agent_traces"": 258}, ""scope"": ""progress accounting; full_v3 also had independent scoring audits""}",Units and scope remain explicit in each accounting object; not necessarily logical slots or strict scores.,During v1 full: quoted Answer marker was parsed as the final-answer start; invalid NAS101-B final configuration could raise rather than persist a scored invalid answer. NAS101 B/C prompt encoding mismatch was identified but its candidate prompt patch was not applied in this cohort.,Same-version pilot promoted into full; v1/v2 full stopped and all formal work was replaced by uniform v3. All three versions later superseded in the main comparison by native portable study.,validation_only,False,"[""/lustrefs/users/chufan.shi/codex_space_tn/kimi_k3_eval/runs/pilot/progress.json"", ""/lustrefs/users/chufan.shi/codex_space_tn/kimi_k3_eval/runs/pilot/manifest.json"", ""/lustrefs/users/chufan.shi/codex_space_tn/kimi_k3_eval/RECOVERY_PLAN.md"", ""/lustrefs/users/chufan.shi/codex_space_tn/kimi_k3_eval/README.md""]","[""Full progress includes byte-identical pilot promotion; do not sum pilot and full as independent executions."", ""Completed job counts are not the same unit as individual traces or PoolAct strategy pools.""]",{}
k3-text-full,selfserve,"[""Kimi K3""]",full,2026-09-07T09:20:20.853925+00:00,2026-09-07T09:36:29.957007+00:00,"frozen generation progress.started_at/finished_at, not zero-call resume",formal,"Textual ReAct Custom study: N1 = 9 HPO × R3 + 35 Search + 13 Audit × 3 orders, all Free/Moderate/Tight = 303 traces; N4 = (9 HPO + 35 Search + 13 Audit) × three budgets × naive/cached/poolact = 513 pools. 342 subprocess jobs; not the later 783-slot matrix.","{""expgym_traces"": 303, ""poolact_agent_traces"": 2052, ""poolact_paper_agent_traces"": 768, ""poolact_paper_results"": 192, ""poolact_results"": 513, ""subprocess_jobs"": 342, ""total_agent_traces"": 2355}","{""completed"": 40, ""failed"": 3, ""interrupted"": 3, ""pending"": 296, ""running"": 0}","{""saved_completed_counts"": {""expgym_traces"": 63, ""poolact_agent_traces"": 228, ""poolact_paper_agent_traces"": 24, ""poolact_paper_results"": 6, ""poolact_results"": 57, ""subprocess_jobs"": 40, ""total_agent_traces"": 291}, ""scope"": ""progress accounting; full_v3 also had independent scoring audits""}",Units and scope remain explicit in each accounting object; not necessarily logical slots or strict scores.,During v1 full: quoted Answer marker was parsed as the final-answer start; invalid NAS101-B final configuration could raise rather than persist a scored invalid answer. NAS101 B/C prompt encoding mismatch was identified but its candidate prompt patch was not applied in this cohort.,Same-version pilot promoted into full; v1/v2 full stopped and all formal work was replaced by uniform v3. All three versions later superseded in the main comparison by native portable study.,replaced,False,"[""/lustrefs/users/chufan.shi/codex_space_tn/kimi_k3_eval/runs/full/progress.json"", ""/lustrefs/users/chufan.shi/codex_space_tn/kimi_k3_eval/runs/full/manifest.json"", ""/lustrefs/users/chufan.shi/codex_space_tn/kimi_k3_eval/RECOVERY_PLAN.md"", ""/lustrefs/users/chufan.shi/codex_space_tn/kimi_k3_eval/README.md""]","[""Full progress includes byte-identical pilot promotion; do not sum pilot and full as independent executions."", ""Completed job counts are not the same unit as individual traces or PoolAct strategy pools.""]",{}
k3-text-smoke_v2,selfserve,"[""Kimi K3""]",smoke_v2,2026-09-07T09:39:15.910884+00:00,2026-09-07T09:44:17.284075+00:00,"frozen generation progress.started_at/finished_at, not zero-call resume",smoke,Real task smoke: 9 N1 traces + 18 N2 strategy pools / 45 agent traces; 15 subprocess jobs.,"{""expgym_traces"": 9, ""poolact_agent_traces"": 36, ""poolact_paper_agent_traces"": 36, ""poolact_paper_results"": 18, ""poolact_results"": 18, ""subprocess_jobs"": 15, ""total_agent_traces"": 45}","{""completed"": 15, ""failed"": 0, ""interrupted"": 0, ""pending"": 0, ""running"": 0}","{""saved_completed_counts"": {""expgym_traces"": 9, ""poolact_agent_traces"": 36, ""poolact_paper_agent_traces"": 36, ""poolact_paper_results"": 18, ""poolact_results"": 18, ""subprocess_jobs"": 15, ""total_agent_traces"": 45}, ""scope"": ""progress accounting; full_v3 also had independent scoring audits""}",Units and scope remain explicit in each accounting object; not necessarily logical slots or strict scores.,During v2 full: substring lookup could bind a previously evaluated configuration score to a contaminated multi-Answer string; independent score check failed.,Same-version pilot promoted into full; v1/v2 full stopped and all formal work was replaced by uniform v3. All three versions later superseded in the main comparison by native portable study.,validation_only,False,"[""/lustrefs/users/chufan.shi/codex_space_tn/kimi_k3_eval/runs/smoke_v2/progress.json"", ""/lustrefs/users/chufan.shi/codex_space_tn/kimi_k3_eval/runs/smoke_v2/manifest.json"", ""/lustrefs/users/chufan.shi/codex_space_tn/kimi_k3_eval/RECOVERY_PLAN.md"", ""/lustrefs/users/chufan.shi/codex_space_tn/kimi_k3_eval/README.md""]","[""Full progress includes byte-identical pilot promotion; do not sum pilot and full as independent executions."", ""Completed job counts are not the same unit as individual traces or PoolAct strategy pools.""]",{}
k3-text-pilot_v2,selfserve,"[""Kimi K3""]",pilot_v2,2026-09-07T09:45:07.883064+00:00,2026-09-07T09:59:51.441265+00:00,"frozen generation progress.started_at/finished_at, not zero-call resume",smoke,"Real 30-step/N4 pilot: 42 N1 traces + 54 N4 pools / 258 agent traces; 36 subprocess jobs. Same-version pilot bytes promoted into full, not additional independent samples.","{""expgym_traces"": 42, ""poolact_agent_traces"": 216, ""poolact_paper_agent_traces"": 72, ""poolact_paper_results"": 18, ""poolact_results"": 54, ""subprocess_jobs"": 36, ""total_agent_traces"": 258}","{""completed"": 36, ""failed"": 0, ""interrupted"": 0, ""pending"": 0, ""running"": 0}","{""saved_completed_counts"": {""expgym_traces"": 42, ""poolact_agent_traces"": 216, ""poolact_paper_agent_traces"": 72, ""poolact_paper_results"": 18, ""poolact_results"": 54, ""subprocess_jobs"": 36, ""total_agent_traces"": 258}, ""scope"": ""progress accounting; full_v3 also had independent scoring audits""}",Units and scope remain explicit in each accounting object; not necessarily logical slots or strict scores.,During v2 full: substring lookup could bind a previously evaluated configuration score to a contaminated multi-Answer string; independent score check failed.,Same-version pilot promoted into full; v1/v2 full stopped and all formal work was replaced by uniform v3. All three versions later superseded in the main comparison by native portable study.,validation_only,False,"[""/lustrefs/users/chufan.shi/codex_space_tn/kimi_k3_eval/runs/pilot_v2/progress.json"", ""/lustrefs/users/chufan.shi/codex_space_tn/kimi_k3_eval/runs/pilot_v2/manifest.json"", ""/lustrefs/users/chufan.shi/codex_space_tn/kimi_k3_eval/RECOVERY_PLAN.md"", ""/lustrefs/users/chufan.shi/codex_space_tn/kimi_k3_eval/README.md""]","[""Full progress includes byte-identical pilot promotion; do not sum pilot and full as independent executions."", ""Completed job counts are not the same unit as individual traces or PoolAct strategy pools.""]",{}
k3-text-full_v2,selfserve,"[""Kimi K3""]",full_v2,2026-09-07T10:01:55.946849+00:00,2026-09-07T10:23:20.674650+00:00,"frozen generation progress.started_at/finished_at, not zero-call resume",formal,"Textual ReAct Custom study: N1 = 9 HPO × R3 + 35 Search + 13 Audit × 3 orders, all Free/Moderate/Tight = 303 traces; N4 = (9 HPO + 35 Search + 13 Audit) × three budgets × naive/cached/poolact = 513 pools. 342 subprocess jobs; not the later 783-slot matrix.","{""expgym_traces"": 303, ""poolact_agent_traces"": 2052, ""poolact_paper_agent_traces"": 768, ""poolact_paper_results"": 192, ""poolact_results"": 513, ""subprocess_jobs"": 342, ""total_agent_traces"": 2355}","{""completed"": 45, ""failed"": 1, ""interrupted"": 0, ""pending"": 296, ""running"": 0}","{""saved_completed_counts"": {""expgym_traces"": 69, ""poolact_agent_traces"": 264, ""poolact_paper_agent_traces"": 24, ""poolact_paper_results"": 6, ""poolact_results"": 66, ""subprocess_jobs"": 45, ""total_agent_traces"": 333}, ""scope"": ""progress accounting; full_v3 also had independent scoring audits""}",Units and scope remain explicit in each accounting object; not necessarily logical slots or strict scores.,During v2 full: substring lookup could bind a previously evaluated configuration score to a contaminated multi-Answer string; independent score check failed.,Same-version pilot promoted into full; v1/v2 full stopped and all formal work was replaced by uniform v3. All three versions later superseded in the main comparison by native portable study.,replaced,False,"[""/lustrefs/users/chufan.shi/codex_space_tn/kimi_k3_eval/runs/full_v2/progress.json"", ""/lustrefs/users/chufan.shi/codex_space_tn/kimi_k3_eval/runs/full_v2/manifest.json"", ""/lustrefs/users/chufan.shi/codex_space_tn/kimi_k3_eval/RECOVERY_PLAN.md"", ""/lustrefs/users/chufan.shi/codex_space_tn/kimi_k3_eval/README.md""]","[""Full progress includes byte-identical pilot promotion; do not sum pilot and full as independent executions."", ""Completed job counts are not the same unit as individual traces or PoolAct strategy pools.""]",{}
k3-text-smoke_v3,selfserve,"[""Kimi K3""]",smoke_v3,2026-09-07T10:25:28.732722+00:00,2026-09-07T10:30:26.192139+00:00,"frozen generation progress.started_at/finished_at, not zero-call resume",smoke,Real task smoke: 9 N1 traces + 18 N2 strategy pools / 45 agent traces; 15 subprocess jobs.,"{""expgym_traces"": 9, ""poolact_agent_traces"": 36, ""poolact_paper_agent_traces"": 36, ""poolact_paper_results"": 18, ""poolact_results"": 18, ""subprocess_jobs"": 15, ""total_agent_traces"": 45}","{""completed"": 15, ""failed"": 0, ""interrupted"": 0, ""pending"": 0, ""running"": 0}","{""saved_completed_counts"": {""expgym_traces"": 9, ""poolact_agent_traces"": 36, ""poolact_paper_agent_traces"": 36, ""poolact_paper_results"": 18, ""poolact_results"": 18, ""subprocess_jobs"": 15, ""total_agent_traces"": 45}, ""scope"": ""progress accounting; full_v3 also had independent scoring audits""}",Units and scope remain explicit in each accounting object; not necessarily logical slots or strict scores.,"Full v3 passed its frozen scoring/integrity contract. Later review identified limitations of textual protocol (native tags/missing actions, 8k text cap) and retained NAS101 B/C prompt mismatch; this is not the native reference matrix used in the latest report.",Same-version pilot promoted into full; v1/v2 full stopped and all formal work was replaced by uniform v3. All three versions later superseded in the main comparison by native portable study.,validation_only,False,"[""/lustrefs/users/chufan.shi/codex_space_tn/kimi_k3_eval/runs/smoke_v3/progress.json"", ""/lustrefs/users/chufan.shi/codex_space_tn/kimi_k3_eval/runs/smoke_v3/manifest.json"", ""/lustrefs/users/chufan.shi/codex_space_tn/kimi_k3_eval/RECOVERY_PLAN.md"", ""/lustrefs/users/chufan.shi/codex_space_tn/kimi_k3_eval/README.md""]","[""Full progress includes byte-identical pilot promotion; do not sum pilot and full as independent executions."", ""Completed job counts are not the same unit as individual traces or PoolAct strategy pools.""]",{}
k3-text-pilot_v3,selfserve,"[""Kimi K3""]",pilot_v3,2026-09-07T10:30:48.692280+00:00,2026-09-07T10:43:27.127730+00:00,"frozen generation progress.started_at/finished_at, not zero-call resume",smoke,"Real 30-step/N4 pilot: 42 N1 traces + 54 N4 pools / 258 agent traces; 36 subprocess jobs. Same-version pilot bytes promoted into full, not additional independent samples.","{""expgym_traces"": 42, ""poolact_agent_traces"": 216, ""poolact_paper_agent_traces"": 72, ""poolact_paper_results"": 18, ""poolact_results"": 54, ""subprocess_jobs"": 36, ""total_agent_traces"": 258}","{""completed"": 36, ""failed"": 0, ""interrupted"": 0, ""pending"": 0, ""running"": 0}","{""saved_completed_counts"": {""expgym_traces"": 42, ""poolact_agent_traces"": 216, ""poolact_paper_agent_traces"": 72, ""poolact_paper_results"": 18, ""poolact_results"": 54, ""subprocess_jobs"": 36, ""total_agent_traces"": 258}, ""scope"": ""progress accounting; full_v3 also had independent scoring audits""}",Units and scope remain explicit in each accounting object; not necessarily logical slots or strict scores.,"Full v3 passed its frozen scoring/integrity contract. Later review identified limitations of textual protocol (native tags/missing actions, 8k text cap) and retained NAS101 B/C prompt mismatch; this is not the native reference matrix used in the latest report.",Same-version pilot promoted into full; v1/v2 full stopped and all formal work was replaced by uniform v3. All three versions later superseded in the main comparison by native portable study.,validation_only,False,"[""/lustrefs/users/chufan.shi/codex_space_tn/kimi_k3_eval/runs/pilot_v3/progress.json"", ""/lustrefs/users/chufan.shi/codex_space_tn/kimi_k3_eval/runs/pilot_v3/manifest.json"", ""/lustrefs/users/chufan.shi/codex_space_tn/kimi_k3_eval/RECOVERY_PLAN.md"", ""/lustrefs/users/chufan.shi/codex_space_tn/kimi_k3_eval/README.md""]","[""Full progress includes byte-identical pilot promotion; do not sum pilot and full as independent executions."", ""Completed job counts are not the same unit as individual traces or PoolAct strategy pools.""]",{}
k3-text-full_v3,selfserve,"[""Kimi K3""]",full_v3,2026-09-07T10:46:07.804011+00:00,2026-09-07T11:50:46.745903+00:00,"frozen generation progress.started_at/finished_at, not zero-call resume",formal,"Textual ReAct Custom study: N1 = 9 HPO × R3 + 35 Search + 13 Audit × 3 orders, all Free/Moderate/Tight = 303 traces; N4 = (9 HPO + 35 Search + 13 Audit) × three budgets × naive/cached/poolact = 513 pools. 342 subprocess jobs; not the later 783-slot matrix.","{""expgym_traces"": 303, ""poolact_agent_traces"": 2052, ""poolact_paper_agent_traces"": 768, ""poolact_paper_results"": 192, ""poolact_results"": 513, ""subprocess_jobs"": 342, ""total_agent_traces"": 2355}","{""completed"": 342, ""failed"": 0, ""interrupted"": 0, ""pending"": 0, ""running"": 0}","{""saved_completed_counts"": {""expgym_traces"": 303, ""poolact_agent_traces"": 2052, ""poolact_paper_agent_traces"": 768, ""poolact_paper_results"": 192, ""poolact_results"": 513, ""subprocess_jobs"": 342, ""total_agent_traces"": 2355}, ""scope"": ""progress accounting; full_v3 also had independent scoring audits""}",Units and scope remain explicit in each accounting object; not necessarily logical slots or strict scores.,"Full v3 passed its frozen scoring/integrity contract. Later review identified limitations of textual protocol (native tags/missing actions, 8k text cap) and retained NAS101 B/C prompt mismatch; this is not the native reference matrix used in the latest report.",Same-version pilot promoted into full; v1/v2 full stopped and all formal work was replaced by uniform v3. All three versions later superseded in the main comparison by native portable study.,replaced,False,"[""/lustrefs/users/chufan.shi/codex_space_tn/kimi_k3_eval/reports/full_v3_generation_completed/progress.json"", ""/lustrefs/users/chufan.shi/codex_space_tn/kimi_k3_eval/runs/full_v3/manifest.json"", ""/lustrefs/users/chufan.shi/codex_space_tn/kimi_k3_eval/RECOVERY_PLAN.md"", ""/lustrefs/users/chufan.shi/codex_space_tn/kimi_k3_eval/README.md""]","[""Full progress includes byte-identical pilot promotion; do not sum pilot and full as independent executions."", ""Completed job counts are not the same unit as individual traces or PoolAct strategy pools.""]",{}
portable_01,selfserve,"[""Kimi K3""]",k3_smoke_1203474_v2_protocol,2026-09-08T03:20:26.877396Z,2026-09-08T03:30:29.344043Z,原始执行开始/结束元数据,smoke,固定协议/nonce/重复性检查,"{""logical_calls"": 56}","{""http_attempts"": 56, ""logical_calls"": 56}",,Units and scope remain explicit in each accounting object; not necessarily logical slots or strict scores.,严格 nonce/重复性验收失败；无传输失败,保留失败；另行 native task-context 修复和开发验证,validation_only,False,"[""/lustrefs/users/chufan.shi/codex_space_tn/portable_eval_20260908/protocol_runs/k3_smoke_1203474_v2/report.json"", ""/lustrefs/users/chufan.shi/codex_space_tn/portable_eval_20260908/protocol_runs/k3_smoke_1203474_v2/execution_receipt.json""]","[""历史开发/运行记录；工程通过不等于性能结论成立""]","{""historical_phase_label"": ""protocol smoke"", ""historical_selection_note"": ""不纳入最终正式分数""}"
portable_03,selfserve,"[""Kimi K3""]",k3_smoke_1203474_v2_scenario,2026-09-08T03:41:03.038263Z,2026-09-08T04:22:32.262862Z,原始执行开始/结束元数据,smoke,Exp 三场景×Free/Moderate/Tight；Pool 三场景×Moderate/Tight×三策略 N2,"{""agent_traces"": 45, ""invocations"": 15}","{""agent_traces"": 45, ""http_attempts"": 228, ""invocations"": 15}","{""validated_agent_traces"": 45}",Units and scope remain explicit in each accounting object; not necessarily logical slots or strict scores.,确认 native 系统指令与 task 用户上下文的文本 Action 格式冲突,修正 native task-context，在 v3 另跑6-job smoke；原45条保留,validation_only,False,"[""/lustrefs/users/chufan.shi/codex_space_tn/portable_eval_20260908/scenario_runs/k3_smoke_1203474_v2/execution_started.json"", ""/lustrefs/users/chufan.shi/codex_space_tn/portable_eval_20260908/scenario_runs/k3_smoke_1203474_v2/execution.json"", ""/lustrefs/users/chufan.shi/codex_space_tn/portable_eval_20260908/scenario_runs/k3_smoke_1203474_v2/operator_completion_receipt.json""]","[""历史开发/运行记录；工程通过不等于性能结论成立""]","{""historical_phase_label"": ""scenario smoke"", ""historical_selection_note"": ""不纳入最终正式分数""}"
portable_04,selfserve,"[""Kimi K3""]",k3_native_context_1203474_v3,2026-09-08T04:48:50.541262Z,2026-09-08T05:16:52.029815Z,原始执行开始/结束元数据,smoke,Moderate；Exp Search/Audit/HPO 3项，Pool 对应三场景×三策略 N2,"{""agent_traces"": 21, ""invocations"": 6}","{""agent_traces"": 21, ""invocations"": 6}","{""validated_agent_traces"": 21}",Units and scope remain explicit in each accounting object; not necessarily logical slots or strict scores.,native prompt gate/12路径覆盖通过；保留7个语义零分,进入 A21 runtime pilot,validation_only,False,"[""/lustrefs/users/chufan.shi/codex_space_tn/portable_eval_20260908/scenario_runs/k3_native_context_1203474_v3/execution_started.json"", ""/lustrefs/users/chufan.shi/codex_space_tn/portable_eval_20260908/scenario_runs/k3_native_context_1203474_v3/execution.json""]","[""历史开发/运行记录；工程通过不等于性能结论成立""]","{""historical_phase_label"": ""repaired scenario smoke"", ""historical_selection_note"": ""不纳入最终正式分数""}"
portable_05,selfserve,"[""Kimi K3""]",k3_a21_1203474_v3,2026-09-08T05:21:13.331176Z,2026-09-08T05:52:05.574923Z,原始执行开始/结束元数据,smoke,Exp：9个HPO Moderate；Search/Audit各2题×三预算,"{""agent_traces"": 21, ""invocations"": 21}","{""agent_traces"": 21, ""http_attempts"": 248, ""invocations"": 21}","{""validated_agent_traces"": 21}",Units and scope remain explicit in each accounting object; not necessarily logical slots or strict scores.,工程通过，1个语义零分保留,进入 B/C N4 runtime pilot；不复用为正式矩阵,validation_only,False,"[""/lustrefs/users/chufan.shi/codex_space_tn/portable_eval_20260908/pilot_runs/k3_a21_1203474_v3/execution_started.json"", ""/lustrefs/users/chufan.shi/codex_space_tn/portable_eval_20260908/pilot_runs/k3_a21_1203474_v3/execution.json"", ""/lustrefs/users/chufan.shi/codex_space_tn/portable_eval_20260908/pilot_runs/k3_a21_1203474_v3/operator_completion_receipt.json""]","[""历史开发/运行记录；工程通过不等于性能结论成立""]","{""historical_phase_label"": ""runtime pilot"", ""historical_selection_note"": ""不纳入最终正式分数""}"
portable_06,selfserve,"[""Kimi K3""]",k3_bc312_1203474_v3,2026-09-08T06:08:29.707827Z,2026-09-08T10:38:47.112766Z,开始为 execution_started；结束为事后 interrupted receipt 创建时点，不是精确进程退出,smoke,N4 三策略：9HPO Moderate；Search Tight/Audit Moderate各2题；NAS101A Tight；另36个重复池,"{""agent_traces"": 312, ""pools"": 78}","{""agent_traces_retained"": 188, ""http_attempts"": 1532, ""pools_closed"": 47, ""pools_not_started"": 31, ""pools_started"": 47}",,Units and scope remain explicit in each accounting object; not necessarily logical slots or strict scores.,1次 provider grammar abort 被旧客户端当 success；整受影响池隔离；另1次HTTP错误成本未知,10:25单次 controller SIGINT 后自然 drain；修复 provider abort/finish-reason 准入后新源开发验证,validation_only,False,"[""/lustrefs/users/chufan.shi/codex_space_tn/portable_eval_20260908/pilot_runs/k3_bc312_1203474_v3/execution_started.json"", ""/lustrefs/users/chufan.shi/codex_space_tn/portable_eval_20260908/pilot_runs/k3_bc312_1203474_v3/operator_interrupted_partial_receipt.json"", ""/lustrefs/users/chufan.shi/codex_space_tn/portable_eval_20260908/pilot_runs/k3_bc312_1203474_v3/operator_single_pid_sigint_20260908T102501Z.json""]","[""47项旧本地闭合不等于47个科学有效池；中断未生成正常全程elapsed""]","{""historical_phase_label"": ""interrupted runtime pilot"", ""historical_selection_note"": ""不纳入最终正式分数""}"
portable_07,selfserve,"[""GLM 5.3""]",glm_compatibility_1203577_v6,2026-09-08T15:42:43.565460Z,2026-09-08T18:25:38Z,开始 controller_started_unix；结束为 operator_completion 创建时点,smoke,12 nonce + 3 Exp +12 Pool任务 N4；共51 task agents,"{""agent_traces"": 51, ""nonce_slots"": 12, ""task_invocations"": 15}","{""agent_traces"": 51, ""http_attempts"": 487, ""task_invocations"": 15}","{""validated_agent_traces"": 51}",Units and scope remain explicit in each accounting object; not necessarily logical slots or strict scores.,工程检查通过；保留9次length和12次多工具修复，不是HTTP retry,完成后释放本phase，下一 Kimi phase；后续双模型正式运行另建cohort,validation_only,False,"[""/lustrefs/users/chufan.shi/codex_space_tn/portable_eval_20260908/source_cohorts/v4/portable_eval_20260908/operations/development_runs/glm_compatibility_1203577_v6/operator_started.json"", ""/lustrefs/users/chufan.shi/codex_space_tn/portable_eval_20260908/source_cohorts/v4/portable_eval_20260908/operations/development_runs/glm_compatibility_1203577_v6/operator_completion.json"", ""/lustrefs/users/chufan.shi/codex_space_tn/portable_eval_20260908/source_cohorts/v4/portable_eval_20260908/operations/development_runs/glm_compatibility_1203577_v6/ROOT_ACTUAL_PROTOCOL_ACCEPTANCE.json""]","[""历史开发/运行记录；工程通过不等于性能结论成立""]","{""historical_phase_label"": ""compatibility development"", ""historical_selection_note"": ""不纳入最终正式分数""}"
portable_08,selfserve,"[""Kimi K3""]",k3_formal_1203577_v6,2026-09-08T19:29:37.088687Z,2026-09-08T19:37:06Z,开始实际执行字段；结束为STATUS观察到父进程退出时点,smoke,12 nonce +预定3 Exp、12 Pool N4开发任务,"{""agent_traces"": 51, ""nonce_slots"": 12, ""task_invocations"": 15}","{""http_attempts"": 24, ""task_failures"": 1, ""task_invocations_not_started"": 13, ""task_invocations_started"": 2, ""task_successes"": 1}",,Units and scope remain explicit in each accounting object; not necessarily logical slots or strict scores.,Slurm1203577于19:35:17被账户1071取消；具体操作者未知。Search完成，Audit连接中断；3失败HTTP attempts用量未知,原件保留；用户授权后新job1203653重新做开发/正式，不当模型性能失败,validation_only,False,"[""/lustrefs/users/chufan.shi/codex_space_tn/portable_eval_20260908/source_cohorts/v4/portable_eval_20260908/operations/development_runs/k3_formal_1203577_v6/operator_started.json"", ""/lustrefs/users/chufan.shi/codex_space_tn/portable_eval_20260908/source_cohorts/v4/portable_eval_20260908/operations/development_runs/k3_formal_1203577_v6/operator_completion.json"", ""/lustrefs/users/chufan.shi/codex_space_tn/portable_eval_20260908/STATUS.zh.md""]","[""历史开发/运行记录；工程通过不等于性能结论成立""]","{""historical_phase_label"": ""infrastructure-interrupted development"", ""historical_selection_note"": ""不纳入最终正式分数""}"
portable_09,selfserve,"[""Kimi K3""]",k3_formal_1203653_dual_v1,2026-09-08T22:25:26Z,2026-09-08T22:27:35.389453Z,operator启动时钟/终态观察,smoke,12 auto nonce槽；通过后才派发15开发任务,"{""nonce_slots"": 12, ""task_invocations"": 15}","{""actual_calls"": 10, ""dependent_slots_skipped"": 2, ""task_invocations"": 0}",,Units and scope remain explicit in each accounting object; not necessarily logical slots or strict scores.,replica0没有工具调用，strict gate失败；未证明客户端删除工具调用,原失败保留，另做named→none结构验证，不重抽原auto探针,validation_only,False,"[""/lustrefs/users/chufan.shi/codex_space_tn/portable_eval_20260908/source_cohorts/v4/portable_eval_20260908/operations/development_runs/k3_formal_1203653_dual_v1/operator_started.json"", ""/lustrefs/users/chufan.shi/codex_space_tn/portable_eval_20260908/source_cohorts/v4/portable_eval_20260908/operations/development_runs/k3_formal_1203653_dual_v1/operator_completion.json"", ""/lustrefs/users/chufan.shi/codex_space_tn/portable_eval_20260908/STATUS.zh.md""]","[""历史开发/运行记录；工程通过不等于性能结论成立""]","{""historical_phase_label"": ""auto protocol diagnosis"", ""historical_selection_note"": ""不纳入最终正式分数""}"
portable_10,selfserve,"[""Kimi K3""]",k3_formal_1203653_named_v5,2026-09-08T22:59:05Z,2026-09-08T23:00:38.000311Z,开始STATUS记录，结束operator终态观察,smoke,复用原auto；8个named/none结构槽，之后15开发任务,"{""new_structure_slots"": 8, ""task_invocations"": 15}","{""actual_new_calls"": 7, ""dependent_slots_skipped"": 1, ""task_invocations"": 0}",,Units and scope remain explicit in each accounting object; not necessarily logical slots or strict scores.,一个副本参数返回 parameters:{}，而结构检查要求空{}；gate失败,保留失败；条件授权仅运行原从未开始的15任务，新增synthetic=0,validation_only,False,"[""/lustrefs/users/chufan.shi/codex_space_tn/portable_eval_20260908/source_cohorts/v4/portable_eval_20260908/operations/development_runs/k3_formal_1203653_named_v5/operator_completion.json"", ""/lustrefs/users/chufan.shi/codex_space_tn/portable_eval_20260908/source_cohorts/v4/portable_eval_20260908/operations/development_runs/k3_formal_1203653_named_v5/operation.json"", ""/lustrefs/users/chufan.shi/codex_space_tn/portable_eval_20260908/STATUS.zh.md""]","[""历史开发/运行记录；工程通过不等于性能结论成立""]","{""historical_phase_label"": ""named protocol diagnosis"", ""historical_selection_note"": ""不纳入最终正式分数""}"
portable_11,selfserve,"[""GLM 5.3""]",glm_formal_1203652_named_v5,2026-09-08T23:06:19Z,2026-09-09T02:15:03Z,operator_start_utc/terminal_observed_utc,smoke,auto12 + named8 +3 Exp/12 Pool N4开发任务,"{""agent_traces"": 51, ""new_diagnostic_slots"": 20, ""task_invocations"": 15}","{""agent_traces"": 51, ""task_http_attempts"": 463, ""task_invocations"": 15, ""total_http_attempts"": 483}","{""validated_agent_traces"": 51}",Units and scope remain explicit in each accounting object; not necessarily logical slots or strict scores.,严格结构与任务核查通过；9次length保留,启动旧R3正式矩阵；开发分数不混入正式,validation_only,False,"[""/lustrefs/users/chufan.shi/codex_space_tn/portable_eval_20260908/source_cohorts/v4/portable_eval_20260908/operations/development_runs/glm_formal_1203652_named_v5/operator_completion.json"", ""/lustrefs/users/chufan.shi/codex_space_tn/portable_eval_20260908/source_cohorts/v4/portable_eval_20260908/operations/development_runs/glm_formal_1203652_named_v5/operation.json"", ""/lustrefs/users/chufan.shi/codex_space_tn/portable_eval_20260908/STATUS.zh.md""]","[""历史开发/运行记录；工程通过不等于性能结论成立""]","{""historical_phase_label"": ""formal-entry development"", ""historical_selection_note"": ""不纳入最终正式分数""}"
portable_12,selfserve,"[""Kimi K3""]",k3_formal_1203653_tasks_v6,2026-09-08T23:34:10.792871Z,2026-09-09T01:18:22.235688Z,开始STATUS实际入口记录/结束operator终态观察,smoke,原15未开始开发任务：3 Exp +12 Pool N4；不新增协议探针,"{""agent_traces"": 51, ""task_invocations"": 15}","{""agent_traces"": 51, ""task_http_attempts"": 429, ""task_invocations"": 15}","{""validated_agent_traces"": 51}",Units and scope remain explicit in each accounting object; not necessarily logical slots or strict scores.,保留前序auto/named strict false；任务/native路径有限准入通过，不追认严格诊断,启动旧R3正式；不混用开发分数,validation_only,False,"[""/lustrefs/users/chufan.shi/codex_space_tn/portable_eval_20260908/source_cohorts/v4/portable_eval_20260908/operations/development_runs/k3_formal_1203653_tasks_v6/operator_completion.json"", ""/lustrefs/users/chufan.shi/codex_space_tn/portable_eval_20260908/source_cohorts/v4/portable_eval_20260908/operations/development_runs/k3_formal_1203653_tasks_v6/ROOT_FORMAL_PROTOCOL_ADMISSION.json"", ""/lustrefs/users/chufan.shi/codex_space_tn/portable_eval_20260908/STATUS.zh.md""]","[""历史开发/运行记录；工程通过不等于性能结论成立""]","{""historical_phase_label"": ""conditional development"", ""historical_selection_note"": ""不纳入最终正式分数""}"
portable_13,selfserve,"[""Kimi K3""]",parallel_full_20260908_k3_r3_retry_v5,2026-09-09T01:54:42.365165Z,2026-09-09T04:47:59Z,开始started_unix；结束为已观察parent absent时间，不是精确结束,formal,Exp Free/Moderate/Tight + Pool Moderate/Tight×naive/cached/poolact N4；全部外层R3（含Search/Audit额外重复）,"{""agent_traces"": 5049, ""invocations"": 1845, ""logical_outcomes"": 2079}","{""http_successes"": 6784, ""invocations_closed"": 295, ""invocations_not_started"": 1550, ""invocations_started"": 295}","{""journal_model_failure_scored_logical"": 1, ""journal_scored_logical"": 336}",Units and scope remain explicit in each accounting object; not necessarily logical slots or strict scores.,用户修订重复次数与提示词要求，旧完整study作废；并非模型坏结果触发,04:12:05.348008单次SIGINT停止controller补派并自然join；可恢复归档，未物理删除；全新v5重跑,replaced,False,"[""/lustrefs/users/chufan.shi/codex_space_tn/portable_eval_20260908/source_cohorts/v4/portable_eval_20260908/operations/parallel_full_20260908/formal_authority_retry_v5/kimi-k3/dispatch_epoch_000_v1/operator_start.json"", ""/lustrefs/users/chufan.shi/codex_space_tn/portable_eval_20260908/source_cohorts/v4/portable_eval_20260908/operations/parallel_full_20260908/formal_authority_retry_v5/kimi-k3/dispatch_epoch_000_v1/run.json"", ""/lustrefs/users/chufan.shi/codex_space_tn/portable_eval_20260908/source_cohorts/v4/portable_eval_20260908/operations/restart_user_20260909/STOP_OLD_K3.json"", ""/lustrefs/users/chufan.shi/codex_space_tn/portable_eval_20260908/source_cohorts/v4/portable_eval_20260908/operations/restart_user_20260909/PLAN.zh.md"", ""/lustrefs/users/chufan.shi/codex_space_tn/portable_eval_20260908/source_cohorts/v4/portable_eval_20260908/operations/restart_user_20260909/retired_k3_epoch000_seal_v1/operator_completion.json""]","[""journal类别不是当前strict评分口径；报告计数分别标invocation/logical""]","{""historical_phase_label"": ""superseded formal"", ""historical_selection_note"": ""排除（whole-study superseded）""}"
portable_14,selfserve,"[""GLM 5.3""]",parallel_full_20260908_glm_r3_retry_v5,2026-09-09T02:33:27.307354Z,,开始started_unix；结束UTC未知,formal,Exp Free/Moderate/Tight + Pool Moderate/Tight×naive/cached/poolact N4；全部外层R3（含Search/Audit额外重复）,"{""agent_traces"": 5049, ""invocations"": 1845, ""logical_outcomes"": 2079}","{""engineering_fail"": 3, ""engineering_pass"": 64, ""invocations_closed"": 67, ""invocations_not_started"": 1778, ""invocations_started"": 67}","{""journal_infrastructure_failed_logical"": 3, ""journal_model_failure_scored_logical"": 36, ""journal_scored_logical"": 38}",Units and scope remain explicit in each accounting object; not necessarily logical slots or strict scores.,正常无答案被旧_score_check抛错；整池通过后才写agent，导致3池结果未持久化；触发停新,通用终态保存/缺答分类与评分规则修补；用户更改重复设计后全study废弃并v5重跑，旧raw保留,replaced,False,"[""/lustrefs/users/chufan.shi/codex_space_tn/portable_eval_20260908/source_cohorts/v4/portable_eval_20260908/operations/parallel_full_20260908/formal_authority_retry_v5/glm-5.3/dispatch_epoch_000_v1/operator_start.json"", ""/lustrefs/users/chufan.shi/codex_space_tn/portable_eval_20260908/source_cohorts/v4/portable_eval_20260908/operations/parallel_full_20260908/formal_authority_retry_v5/glm-5.3/dispatch_epoch_000_v1/run.json"", ""/lustrefs/users/chufan.shi/codex_space_tn/portable_eval_20260908/source_cohorts/v4/portable_eval_20260908/operations/restart_user_20260909/PLAN.zh.md"", ""/lustrefs/users/chufan.shi/codex_space_tn/portable_eval_20260908/STATUS.zh.md""]","[""原run有elapsed4864.7988797s但无精确UTC finish字段，不凭mtime伪造""]","{""historical_phase_label"": ""superseded formal"", ""historical_selection_note"": ""排除（whole-study superseded）""}"
portable_15,selfserve,"[""GLM 5.3""]",restart-20260909-v5-glm-5.3-smoke,2026-09-09T04:43:48.100086Z,2026-09-09T05:13:45.745662Z,原始执行开始/结束元数据,smoke,选定Exp/Pool三场景；W8、4 steps、3 evals、单次输出32768,"{""agent_terminals"": 46, ""invocations"": 28}","{""agent_terminals"": 46, ""http_successes"": 194, ""invocations"": 28}","{""validated_agent_terminals"": 46}",Units and scope remain explicit in each accounting object; not necessarily logical slots or strict scores.,框架/实际 prompt 检查通过；不以 smoke 分数作为正式成绩。,同模型通过后启动新版formal,validation_only,False,"[""/lustrefs/users/chufan.shi/codex_space_tn/portable_eval_20260908/source_cohorts/v4/portable_eval_20260908/formal_runs/restart-20260909-v5-glm-5.3-smoke/execution_started.json"", ""/lustrefs/users/chufan.shi/codex_space_tn/portable_eval_20260908/source_cohorts/v4/portable_eval_20260908/formal_runs/restart-20260909-v5-glm-5.3-smoke/execution.json"", ""/lustrefs/users/chufan.shi/codex_space_tn/portable_eval_20260908/source_cohorts/v4/portable_eval_20260908/operations/restart_user_20260909/PLAN.zh.md""]","[""历史开发/运行记录；工程通过不等于性能结论成立""]","{""historical_phase_label"": ""restart smoke"", ""historical_selection_note"": ""不纳入最终正式分数""}"
portable_16,selfserve,"[""Kimi K3""]",restart-20260909-v5-kimi-k3-smoke,2026-09-09T04:50:07.948405Z,2026-09-09T05:24:12.341909Z,原始执行开始/结束元数据,smoke,选定Exp/Pool三场景；W8、4 steps、3 evals、单次输出32768,"{""agent_terminals"": 46, ""invocations"": 28}","{""agent_terminals"": 46, ""http_successes"": 176, ""invocations"": 28}","{""validated_agent_terminals"": 46}",Units and scope remain explicit in each accounting object; not necessarily logical slots or strict scores.,框架/实际prompt检查通过；Kimi1次length保留,同模型通过后启动新版formal,validation_only,False,"[""/lustrefs/users/chufan.shi/codex_space_tn/portable_eval_20260908/source_cohorts/v4/portable_eval_20260908/formal_runs/restart-20260909-v5-kimi-k3-smoke/execution_started.json"", ""/lustrefs/users/chufan.shi/codex_space_tn/portable_eval_20260908/source_cohorts/v4/portable_eval_20260908/formal_runs/restart-20260909-v5-kimi-k3-smoke/execution.json"", ""/lustrefs/users/chufan.shi/codex_space_tn/portable_eval_20260908/source_cohorts/v4/portable_eval_20260908/operations/restart_user_20260909/PLAN.zh.md""]","[""历史开发/运行记录；工程通过不等于性能结论成立""]","{""historical_phase_label"": ""restart smoke"", ""historical_selection_note"": ""不纳入最终正式分数""}"
portable_17,selfserve,"[""GLM 5.3""]",restart-20260909-v5-glm-5.3-formal,2026-09-09T05:17:33.061708Z,2026-09-09T18:42:11.600352Z,原始执行开始/结束元数据,formal,Exp Search73×3预算×R1；Audit13×3预算×3固定顺序；HPO9×3预算×R3；Pool Search39×2预算×3策略×R1、Audit13×2×3×R1、NAS101ABC×2×3×R3，N4,"{""agent_terminals"": 1881, ""invocations"": 705, ""logical_outcomes"": 783}","{""agent_terminals"": 1881, ""http_successes"": 18403, ""invocations"": 705, ""logical_outcomes"": 783}","{""logical_outcomes"": 783}",Units and scope remain explicit in each accounting object; not necessarily logical slots or strict scores.,59 agent最终正文为空：实际length、32768输出额度全耗在reasoning；原评分保留。后续图/评分问题见20260912历史,无全量再抽；后续定向补跑的覆盖关系由当前最终selection标记,mixed,False,"[""/lustrefs/users/chufan.shi/codex_space_tn/portable_eval_20260908/source_cohorts/v4/portable_eval_20260908/formal_runs/restart-20260909-v5-glm-5.3-formal/execution_started.json"", ""/lustrefs/users/chufan.shi/codex_space_tn/portable_eval_20260908/source_cohorts/v4/portable_eval_20260908/formal_runs/restart-20260909-v5-glm-5.3-formal/execution.json"", ""/lustrefs/users/chufan.shi/codex_space_tn/portable_eval_20260908/source_cohorts/v4/portable_eval_20260908/operations/restart_user_20260909/PLAN.zh.md""]","[""执行/严格可评分并不表示每个agent正常给出答案；本子任务不审核后续替换""]","{""historical_phase_label"": ""selected formal base"", ""historical_selection_note"": ""最终GLM基础来源；若20260912定向替换以最新selection为准""}"
portable_18,selfserve,"[""Kimi K3""]",restart-20260909-v5-kimi-k3-formal,2026-09-09T05:32:41.468233Z,2026-09-09T14:27:39.330705Z,原始执行开始/结束元数据,formal,Exp Search73×3预算×R1；Audit13×3预算×3固定顺序；HPO9×3预算×R3；Pool Search39×2预算×3策略×R1、Audit13×2×3×R1、NAS101ABC×2×3×R3，N4,"{""agent_terminals"": 1881, ""invocations"": 705, ""logical_outcomes"": 783}","{""infrastructure_failures"": 8, ""invocations_completed_scored"": 697, ""invocations_started"": 705}",,Units and scope remain explicit in each accounting object; not necessarily logical slots or strict scores.,Slurm1203653于14:25:32 NODE_FAIL，非人工取消；8项基础设施失败,仅固定8项恢复；旧697项不动、旧8失败及费用保留,mixed,False,"[""/lustrefs/users/chufan.shi/codex_space_tn/portable_eval_20260908/source_cohorts/v4/portable_eval_20260908/formal_runs/restart-20260909-v5-kimi-k3-formal/execution_started.json"", ""/lustrefs/users/chufan.shi/codex_space_tn/portable_eval_20260908/source_cohorts/v4/portable_eval_20260908/formal_runs/restart-20260909-v5-kimi-k3-formal/execution.json"", ""/lustrefs/users/chufan.shi/codex_space_tn/portable_eval_20260908/source_cohorts/v4/portable_eval_20260908/operations/restart_user_20260909/PLAN.zh.md""]","[""原execution_complete/score_complete=false保留，不把原批次改成成功""]","{""historical_phase_label"": ""selected formal base with infrastructure failures"", ""historical_selection_note"": ""最终Kimi基础来源：697原项+8恢复项；另以后续定向替换selection为准""}"
portable_19,selfserve,"[""Kimi K3""]",restart-20260909-v5-kimi-k3-infra8-recovery,2026-09-09T21:49:00.943Z,2026-09-10T00:04:24.870207Z,开始first2 execution.started_unix（毫秒显示舍入）；结束whole execution.finished_at_utc,recovery,原formal固定8个NODE_FAIL项（NAS101 Exp/Pool），分first2与remaining6；参数/旧数据不改,"{""agent_terminals"": 26, ""invocations"": 8}","{""agent_terminals"": 26, ""http_successes"": 289, ""invocations"": 8}","{""agent_terminals"": 26, ""invocations"": 8}",Units and scope remain explicit in each accounting object; not necessarily logical slots or strict scores.,原始硬件故障；新8全completed_scored；6条legacy fallback仍披露,形成697原+8新=705 invocations/783 logical/1881 agents composite；所有旧失败费用保留,mixed,False,"[""/lustrefs/users/chufan.shi/codex_space_tn/portable_eval_20260908/source_cohorts/v4/portable_eval_20260908/formal_runs/restart-20260909-v5-kimi-k3-infra8-recovery/execution.json"", ""/lustrefs/users/chufan.shi/codex_space_tn/portable_eval_20260908/source_cohorts/v4/portable_eval_20260908/formal_runs/restart-20260909-v5-kimi-k3-infra8-recovery/stages/first2_only/execution.json"", ""/lustrefs/users/chufan.shi/codex_space_tn/portable_eval_20260908/source_cohorts/v4/portable_eval_20260908/operations/restart_user_20260909/PLAN.zh.md""]","[""8项恢复不是额外8个独立样本；不能和原783简单相加""]","{""historical_phase_label"": ""exact infrastructure recovery"", ""historical_selection_note"": ""最终Kimi基础composite的指定8项恢复来源""}"
api-claude-smoke-20260910,api,"[""Claude fable5 / high""]",claude_fable5_high_poolact_smoke_20260910_v1,2026-09-10T22:27:23.034831Z,2026-09-10T22:28:02.662935Z,first queue start → drained (rounded to microseconds),smoke,Search/Audit/NAS各1池，poolact N2/Tight；max_steps4/max_evals3。,3,3,2,"logical invocation/pool; executed means terminal execution_complete, not HTTP attempts",Audit/NAS在工具前明确拒答；NAS无配置不可评分。,保留负结果，原生回放检查通过；进入正式N4。,validation_only,True,"[""/lustrefs/users/chufan.shi/codex_space_tn/LLM_ExpGym_api_studies_20260910/studies/claude_fable5_high_poolact_smoke_20260910_v1/queue-plan.json"", ""/lustrefs/users/chufan.shi/codex_space_tn/LLM_ExpGym_api_studies_20260910/studies/api_20260910/common/native-smoke-acceptance.json""]","[""当前六模型报告不包含Claude；历史验证仍登记。""]",{}
api-gpt-smoke-20260910,api,"[""GPT-5.6-sol / medium""]",gpt56sol_medium_smoke_20260910_v1,2026-09-10T22:27:23.041470Z,2026-09-10T22:29:37.149626Z,first queue start → drained (rounded to microseconds),smoke,Tight；Search/Audit/HPO各1个ExpGym N1 + 各1个poolact N2；max_steps4/max_evals3。,6,6,6,"logical invocation/pool; executed means terminal execution_complete, not HTTP attempts",32次调用的原生历史检查无回放或HTTP问题；无明确拒答。,允许正式矩阵启动；smoke不并入正式分母。,validation_only,False,"[""/lustrefs/users/chufan.shi/codex_space_tn/LLM_ExpGym_api_studies_20260910/studies/gpt56sol_medium_smoke_20260910_v1/queue-plan.json"", ""/lustrefs/users/chufan.shi/codex_space_tn/LLM_ExpGym_api_studies_20260910/studies/api_20260910/common/native-smoke-acceptance.json""]",[],{}
api-claude-original-first-window,api,"[""Claude fable5 / high""]",claude_fable5_high_poolact_refmatrix_20260910_v1 / formal_controller_v1,2026-09-10T22:33:01.891665Z,,first recorded queue start; original controller result lacks terminal timestamp; first captured queue session drained 23:12:06 but controller spans4waves,formal,N4: Search39题、Audit13文档、NAS101 A/B/C×3重复，各×Moderate/Tight×naive/cached/poolact，共366池/1464 agent槽；无ExpGym N1。,366,45,,"logical invocation/pool; executed means terminal execution_complete, not HTTP attempts",首个5小时订阅窗口耗尽；控制器累计49项开始、45完成、4失败、317未开始。,窗口恢复后只首次执行未开始槽位；4个已开始失败当时保留。,not_used,True,"[""/lustrefs/users/chufan.shi/codex_space_tn/LLM_ExpGym_api_studies_20260910/studies/api_20260910/formal_controller_v1/claude_waves/result.json"", ""/lustrefs/users/chufan.shi/codex_space_tn/LLM_ExpGym_api_studies_20260910/studies/api_20260910/common/claude-first-failure-diagnosis.json"", ""/lustrefs/users/chufan.shi/codex_space_tn/LLM_ExpGym_api_studies_20260910/studies/api_20260910/full_report_v1/execution_timeline.json""]","[""这一行与后续continuation是同一个366槽计划，不可重复相加planned。"", ""整模型按本次用户要求排除，不是删除原始数据。""]","{""failed"": 4, ""started"": 49, ""unstarted"": 317}"
api-gpt-original-formal,api,"[""GPT-5.6-sol / medium""]",gpt56sol_medium_refmatrix_20260910_v1,2026-09-10T22:33:08.201407Z,2026-09-11T01:36:25.725231Z,first queue start → drained (rounded to microseconds); API observed envelope separately 22:33:08.898804→01:36:25.038024,formal,ExpGym N1: Search 73题×3预算、Audit 13文档×3顺序×3预算、HPO 9任务×3重复×3预算，共417项；N4: Search39题、Audit13文档、NAS101 A/B/C×3重复，各×Moderate/Tight×naive/cached/poolact，共366池。总783项/1881 agent槽。,783,783,782,"logical invocation/pool; executed means terminal execution_complete, not HTTP attempts",1个NAS池有1名agent被本地131072近似context admission上限拦下，无最终配置，严格池评分未知。后来确认通用graph配置截断碰撞；旧Audit native提示存在固定示例/格式兼容局限。,2026-09-12对NAS101/Moderate三策略×3任务×3重复整组27池重跑；其余756项保留。,mixed,False,"[""/lustrefs/users/chufan.shi/codex_space_tn/LLM_ExpGym_api_studies_20260910/studies/gpt56sol_medium_refmatrix_20260910_v1/queue-plan.json"", ""/lustrefs/users/chufan.shi/codex_space_tn/LLM_ExpGym_api_studies_20260910/studies/api_20260910/full_report_v1/README.zh.md"", ""/lustrefs/users/chufan.shi/codex_space_tn/eval_material_rerun_20260912/gpt/selection.json""]","[""不是与其他模型同日同源码全量复跑；原GPT raw为本地存档。""]","{""effective_final_slots"": 756, ""source_commit"": ""ccaf6adb8f7e82fa0f33d97c06cf5f7a33592122""}"
qwen-launch01,selfserve,"[""Qwen 3.8""]",serving/launch01 / Slurm 1204491,2026-09-10T22:45:39+00:00,2026-09-10T23:25:06+00:00,recorded Slurm allocation times in PLAN; not inference from directory name,smoke,4 nodes × 8 H200; one TP8 × PP4 server. Startup only; zero model experiment calls.,"{""allocations"": 1}","{""failed_startups"": 1, ""model_experiment_calls"": 0}",,Units and scope remain explicit in each accounting object; not necessarily logical slots or strict scores.,"After weight loading and CUDA graphs, SGLang Unified MambaComponent asserted for page_size=64 with no extra buffer.",Replaced with launch02 / 1204495 using page_size=1; no scientific samples repeated.,not_used,False,"[""/lustrefs/users/chufan.shi/codex_space_tn/qwen38_eval_20260910/PLAN.zh.md"", ""/lustrefs/users/chufan.shi/codex_space_tn/qwen38_eval_20260910/serving/launch01/plan.json""]",[],{}
qwen-native-smoke,selfserve,"[""Qwen 3.8""]",native_smoke01,2026-09-10T23:36:06+00:00,2026-09-10T23:37:23+00:00,native smoke interval recorded in PLAN,smoke,"Two native protocol cases: auto/named-tool → forced-final, four API calls.","{""physical_calls"": 4}","{""delivered_calls"": 4}",,Units and scope remain explicit in each accounting object; not necessarily logical slots or strict scores.,No model execution failure; render audit distinguishes retained HTTP tool schemas from server forced-final template removal of schema text.,Accepted launch02 and cache_salt; task smoke followed.,validation_only,False,"[""/lustrefs/users/chufan.shi/codex_space_tn/qwen38_eval_20260910/PLAN.zh.md""]",[],{}
qwen38_eval_20260910-tasksmoke,selfserve,"[""Qwen 3.8""]",task_smoke01 / 1789083576696821255-2789200,2026-09-10T23:39:36.715495+00:00,2026-09-10T23:50:22.008362+00:00,first/last session events.wall_time_ns,smoke,"Search/Audit/ParamNet + NAS101 naive/cached/poolact; six jobs / 15 agents; max_steps=3, max_evals=2.","{""agents"": 15, ""jobs"": 6}","{""completed_jobs"": 6, ""execution_failed"": 0}","{""score_complete_agents"": 15}",Units and scope remain explicit in each accounting object; not necessarily logical slots or strict scores.,No execution failure in this bounded preflight; not a full-study performance claim.,Proceed to separately frozen 783-slot full matrix; smoke excluded from main scores.,validation_only,False,"[""/lustrefs/users/chufan.shi/codex_space_tn/qwen38_eval_20260910/task_smoke01/queue/sessions/1789083576696821255-2789200/summary.json"", ""/lustrefs/users/chufan.shi/codex_space_tn/qwen38_eval_20260910/task_smoke01/queue/sessions/1789083576696821255-2789200/events.jsonl"", ""/lustrefs/users/chufan.shi/codex_space_tn/qwen38_eval_20260910/PLAN.zh.md""]",[],{}
qwen-formal-first,selfserve,"[""Qwen 3.8""]",formal / 1789084311493837147-2799794,2026-09-10T23:51:51.514375+00:00,2026-09-11T02:08:28.109206+00:00,first/last session events.wall_time_ns,formal,"Reference Custom study, native tools: N1 Search 73 × F/M/T × R1 = 219; Audit 13 × F/M/T × 3 orders = 117; HPO 9 × F/M/T × R3 = 81. N4 whois Search 39 × M/T × 3 strategies = 234; Audit 13 × M/T × 3 strategies = 78; NAS101 A/B/C × R3 × M/T × 3 strategies = 54. Total 783 logical slots / 1881 agents.","{""unique_study_slots"": 783}","{""execution_failed"": 0, ""new_executed_slots"": 388, ""verified_without_model_call"": 0}","{""full_study_score_complete_agents"": 1881, ""full_study_score_complete_slots"": 783}",Units and scope remain explicit in each accounting object; not necessarily logical slots or strict scores.,"Original pause reason: prospective timeout/capacity risk, not failed answers. Later audit: NAS graph identity collisions in 17/18 Qwen PoolAct pools; native Audit fixed-call prompt weakness was also common to old source. No Qwen scientific rerun was selected.","Workers16→6 after graceful admission stop. Same source/plan/model settings; 388 completed slots identity-verified, only 395 previously unstarted slots executed. Six-agent empty predictions retained by legacy evaluator.",used,False,"[""/lustrefs/users/chufan.shi/codex_space_tn/qwen38_eval_20260910/formal/queue/sessions/1789084311493837147-2799794/summary.json"", ""/lustrefs/users/chufan.shi/codex_space_tn/qwen38_eval_20260910/formal/queue/sessions/1789084311493837147-2799794/events.jsonl"", ""/lustrefs/users/chufan.shi/codex_space_tn/qwen38_eval_20260910/PLAN.zh.md"", ""/lustrefs/users/chufan.shi/codex_space_tn/eval_diagnostics_20260912/IMPACT.zh.md"", ""/lustrefs/users/chufan.shi/codex_space_tn/eval_material_rerun_20260912/PLAN.zh.md""]","[""Second-session 783 finished includes 388 verify_resume records; unique formal total is 783, not 1171."", ""Qwen full data remain pre-September-12 graph/prompt fixes.""]",{}
api-claude-original-second-window,api,"[""Claude fable5 / high""]",claude_fable5_high_poolact_refmatrix_20260910_v1 / claude_continuation_20260911T0020_v1,2026-09-11T00:20:37.422610Z,2026-09-11T01:04:57.413509Z,controller launch → last observed legacy API finish; not exact controller wall interval,recovery,原366槽中317个未开始项；同矩阵同原始study续跑。,317,63,,"logical invocation/pool; executed means terminal execution_complete, not HTTP attempts",第二次窗口耗尽；本session新增67开始、63完成、4失败；全legacy累计108完成、8失败、250未开始，严格评分104。,随后独立recovery_v1显式恢复8个基础设施失败槽和250未开始槽；108个完成项不重采样。,not_used,True,"[""/lustrefs/users/chufan.shi/codex_space_tn/LLM_ExpGym_api_studies_20260910/studies/api_20260910/claude-continuation-launch.json"", ""/lustrefs/users/chufan.shi/codex_space_tn/LLM_ExpGym_api_studies_20260910/studies/api_20260910/claude_continuation_20260911T0020_v1/claude_waves/result.json"", ""/lustrefs/users/chufan.shi/codex_space_tn/LLM_ExpGym_api_studies_20260910/studies/api_20260910/claude-final-window-stop-decision-v1.json""]","[""63/67/4由原controller前后累计计数差得出；本session严格评分未独立统计。"", ""额度失败与合法拒答是不同问题。""]","{""cumulative_legacy_completed"": 108, ""cumulative_legacy_score_complete"": 104, ""failed"": 4, ""started"": 67}"
qwen-formal-continuation,selfserve,"[""Qwen 3.8""]",formal / 1789092647915522583-2932149,2026-09-11T02:10:47.918747+00:00,2026-09-11T13:24:48.441054+00:00,first/last session events.wall_time_ns,recovery,"Reference Custom study, native tools: N1 Search 73 × F/M/T × R1 = 219; Audit 13 × F/M/T × 3 orders = 117; HPO 9 × F/M/T × R3 = 81. N4 whois Search 39 × M/T × 3 strategies = 234; Audit 13 × M/T × 3 strategies = 78; NAS101 A/B/C × R3 × M/T × 3 strategies = 54. Total 783 logical slots / 1881 agents.","{""unique_study_slots"": 783}","{""execution_failed"": 0, ""new_executed_slots"": 395, ""verified_without_model_call"": 388}","{""full_study_score_complete_agents"": 1881, ""full_study_score_complete_slots"": 783}",Units and scope remain explicit in each accounting object; not necessarily logical slots or strict scores.,"Original pause reason: prospective timeout/capacity risk, not failed answers. Later audit: NAS graph identity collisions in 17/18 Qwen PoolAct pools; native Audit fixed-call prompt weakness was also common to old source. No Qwen scientific rerun was selected.","Workers16→6 after graceful admission stop. Same source/plan/model settings; 388 completed slots identity-verified, only 395 previously unstarted slots executed. Six-agent empty predictions retained by legacy evaluator.",used,False,"[""/lustrefs/users/chufan.shi/codex_space_tn/qwen38_eval_20260910/formal/queue/sessions/1789092647915522583-2932149/summary.json"", ""/lustrefs/users/chufan.shi/codex_space_tn/qwen38_eval_20260910/formal/queue/sessions/1789092647915522583-2932149/events.jsonl"", ""/lustrefs/users/chufan.shi/codex_space_tn/qwen38_eval_20260910/PLAN.zh.md"", ""/lustrefs/users/chufan.shi/codex_space_tn/eval_diagnostics_20260912/IMPACT.zh.md"", ""/lustrefs/users/chufan.shi/codex_space_tn/eval_material_rerun_20260912/PLAN.zh.md""]","[""Second-session 783 finished includes 388 verify_resume records; unique formal total is 783, not 1171."", ""Qwen full data remain pre-September-12 graph/prompt fixes.""]",{}
deepseek_flash_eval_20260911-tasksmoke,selfserve,"[""DeepSeek V4 Flash 0731""]",task_smoke01 / 1789100867084806815-3040396,2026-09-11T04:27:47.101670+00:00,2026-09-11T04:34:24.413157+00:00,first/last session events.wall_time_ns,smoke,"Search/Audit/ParamNet + NAS101 naive/cached/poolact; six jobs / 15 agents; max_steps=3, max_evals=2.","{""agents"": 15, ""jobs"": 6}","{""completed_jobs"": 6, ""execution_failed"": 0}","{""score_complete_agents"": 15}",Units and scope remain explicit in each accounting object; not necessarily logical slots or strict scores.,No execution failure in this bounded preflight; not a full-study performance claim.,Proceed to separately frozen 783-slot full matrix; smoke excluded from main scores.,validation_only,False,"[""/lustrefs/users/chufan.shi/codex_space_tn/deepseek_flash_eval_20260911/task_smoke01/queue/sessions/1789100867084806815-3040396/summary.json"", ""/lustrefs/users/chufan.shi/codex_space_tn/deepseek_flash_eval_20260911/task_smoke01/queue/sessions/1789100867084806815-3040396/events.jsonl"", ""/lustrefs/users/chufan.shi/codex_space_tn/deepseek_flash_eval_20260911/PLAN.zh.md""]",[],{}
deepseek-formal-v1,selfserve,"[""DeepSeek V4 Flash 0731""]",formal / 1789101551771860378-3049313,2026-09-11T04:39:11.811306+00:00,2026-09-11T06:48:03.393300+00:00,first/last session events.wall_time_ns,formal,"Reference Custom study, native tools: N1 Search 73 × F/M/T × R1 = 219; Audit 13 × F/M/T × 3 orders = 117; HPO 9 × F/M/T × R3 = 81. N4 whois Search 39 × M/T × 3 strategies = 234; Audit 13 × M/T × 3 strategies = 78; NAS101 A/B/C × R3 × M/T × 3 strategies = 54. Total 783 logical slots / 1881 agents.","{""agents"": 1881, ""logical_slots"": 783}","{""completed_slots"": 783, ""execution_failed"": 0}","{""score_complete_agents"": 1789, ""score_complete_slots"": 728, ""unscorable_missing_configuration_agents"": 92}",Units and scope remain explicit in each accounting object; not necessarily logical slots or strict scores.,"Later review: malformed/repetitive generation on frozen serving stack, native Audit fixed-call prompt conflict, and NAS PoolAct graph identity collisions (10/18 pools). Initial analysis also omitted top-level reasoning-token usage; this accounting-only omission did not change scientific scores.",Analysis full_v1→full_v2 only repaired usage projection (zero model/scorer calls). September 12 replaced 249 whole matched N4 slots; other 534 slots retained.,mixed,False,"[""/lustrefs/users/chufan.shi/codex_space_tn/deepseek_flash_eval_20260911/formal/queue/sessions/1789101551771860378-3049313/summary.json"", ""/lustrefs/users/chufan.shi/codex_space_tn/deepseek_flash_eval_20260911/formal/queue/sessions/1789101551771860378-3049313/events.jsonl"", ""/lustrefs/users/chufan.shi/codex_space_tn/deepseek_flash_eval_20260911/PLAN.zh.md"", ""/lustrefs/users/chufan.shi/codex_space_tn/deepseek_flash_eval_20260911/analysis/full_v2/raw_terminals.csv"", ""/lustrefs/users/chufan.shi/codex_space_tn/eval_diagnostics_20260912/IMPACT.zh.md"", ""/lustrefs/users/chufan.shi/codex_space_tn/eval_material_rerun_20260912/PLAN.zh.md""]","[""An execution-complete pool can be unscorable when a required NAS configuration is missing."", ""Latest ExpGym single-agent data and Tight Search N4 remain original serving-stack observations.""]",{}
api-gemini-native-nonstream-probe,api,"[""Gemini 3.8 Flash / medium""]",validation/native-wire-probe-v1,2026-09-11T06:27:47.891052Z,,recorded probe start; end not recorded in summary,smoke,合成lookup_pointer→lookup_value工具协议探针；非benchmark矩阵。,1,1,,probe session,预期tool顺序/数量不符，probe passed=false；保留原尝试不重采样。,独立SSE多轮诊断验证签名Part完整采集。,validation_only,False,"[""/lustrefs/users/chufan.shi/codex_space_tn/gemini38_eval_20260911/validation/native-wire-probe-v1/SUMMARY.json""]","[""count_unit为一个probe session，不属于正式invocation。""]","{""api_attempts"": 1}"
api-gemini-native-stream-probe,api,"[""Gemini 3.8 Flash / medium""]",validation/native-stream-diagnostic-v1,2026-09-11T06:29:14.443363Z,,first recorded diagnostic attempt; summary has no terminal timestamp,smoke,合成两轮工具+最终receipt的SSE传输验证；非benchmark。,1,1,,probe session,非stream collector丢失的签名Part在SSE路径保留；多轮验证passed。,正式原生适配采用SSE完整Part组装。,validation_only,False,"[""/lustrefs/users/chufan.shi/codex_space_tn/gemini38_eval_20260911/validation/native-stream-diagnostic-v1/MULTITURN_SUMMARY.json""]","[""这是传输验证，不是模型性能样本。""]","{""api_attempts"": 3}"
api-claude-nas-smoke-recovery-v1,api,"[""Claude fable5 / high""]",claude_fable5_high_poolact_smoke_20260911_v1,2026-09-11T06:55:56.435917Z,2026-09-11T06:56:11.584409Z,controller started_at → finished_at,smoke,NAS101单任务、N4/poolact/Moderate，30steps/30evals。,1,1,0,"logical invocation/pool; executed means terminal execution_complete, not HTTP attempts",4个agent全部refusal，无配置，严格HPO评分未知。,与旧实验相同行为，保留；额外Search/Audit smoke检查工具交互。,validation_only,True,"[""/lustrefs/users/chufan.shi/codex_space_tn/gemini38_eval_20260911/studies/claude_fable5_high_poolact_smoke_20260911_v1/queue-plan.json"", ""/lustrefs/users/chufan.shi/codex_space_tn/gemini38_eval_20260911/analysis_smoke_v1/CLAUDE_SMOKE_REVIEW.md""]","[""拒答不是transport中断，不用重采样消除。""]",{}
api-gemini-smoke-v1,api,"[""Gemini 3.8 Flash / medium""]",gemini38_flash_medium_smoke_20260911_v1,2026-09-11T06:58:52.412051Z,2026-09-11T07:05:16.583243Z,controller started_at → finished_at,smoke,Tight；ExpGym Search/Audit/ParamNet各1项，PoolAct Search/Audit/NAS101各1个N2池；4steps/3evals。,6,6,6,"logical invocation/pool; executed means terminal execution_complete, not HTTP attempts",客户端回放完整，但网关在2个forced final清理签名、各3个签名改为dummy；pilot_ready=false。,修复同账户会话绑定，独立affinity smoke v2复验；本次6项不入正式报告。,validation_only,False,"[""/lustrefs/users/chufan.shi/codex_space_tn/gemini38_eval_20260911/analysis_smoke_v1/GEMINI_SMOKE_REVIEW.md"", ""/lustrefs/users/chufan.shi/codex_space_tn/gemini38_eval_20260911/studies/gemini38_flash_medium_smoke_20260911_v1/controller/controller.json""]","[""9条agent轨迹；保存评分通过不等于传输保真通过。""]",{}
api-claude-searchaudit-smoke-recovery-v1,api,"[""Claude fable5 / high""]",claude_fable5_high_poolact_searchaudit_smoke_20260911_v1,2026-09-11T07:01:51.201885Z,2026-09-11T07:02:13.371887Z,controller started_at → finished_at,smoke,Search N4/cached/Tight一池；Audit N4/cached/Moderate一池。,2,2,2,"logical invocation/pool; executed means terminal execution_complete, not HTTP attempts",Search4agent均正确；Audit4agent首轮明确refusal，按原空预测评分为0。,工具交互及native历史检查通过；进入既定recovery。,validation_only,True,"[""/lustrefs/users/chufan.shi/codex_space_tn/gemini38_eval_20260911/studies/claude_fable5_high_poolact_searchaudit_smoke_20260911_v1/queue-plan.json"", ""/lustrefs/users/chufan.shi/codex_space_tn/gemini38_eval_20260911/analysis_smoke_v1/CLAUDE_SMOKE_REVIEW.md""]","[""两池评分完整包含Audit零分，并不意味着正常作答。""]",{}
api-claude-formal-recovery-v1,api,"[""Claude fable5 / high""]",claude_fable5_high_poolact_recovery_20260911_v1,2026-09-11T07:05:01.568928Z,2026-09-11T16:54:33.098452Z,recorded original queue launch → migrated controller finished_at,recovery,原366槽缺的258池：8个原基础设施失败恢复+250首次执行；仍是Search/Audit/NAS × Moderate/Tight ×三策略N4。,258,148,136,"logical invocation/pool; executed means terminal execution_complete, not HTTP attempts",额度0%但reset=null曾被控制器误判unknown；迁移控制器后同活worker继续。后期1池收到429及scheduler-masked503，短重试耗尽而未进入hold。,保留148完成、1失败、109未开始；新v2只恢复该1池及109未开始。,not_used,True,"[""/lustrefs/users/chufan.shi/codex_space_tn/gemini38_eval_20260911/studies/claude_fable5_high_poolact_recovery_20260911_v1/controller/controller.json"", ""/lustrefs/users/chufan.shi/codex_space_tn/gemini38_eval_20260911/operations/claude-idle-window-controller-migration-v2/MIGRATION.json"", ""/lustrefs/users/chufan.shi/codex_space_tn/gemini38_eval_20260911/analysis_claude_recovery_v1_interruption_v1/README.zh.md"", ""/lustrefs/users/chufan.shi/codex_space_tn/gemini38_eval_20260911/planning/claude-recovery-slot-map.json""]","[""控制器迁移不是重新跑148池；执行repo/计划/模型参数不变。"", ""Claude最终排除；此处保留其实际实验历史。""]","{""failed"": 1, ""source_commit"": ""dfef0523cbf0be7b30ef69aaddadf80188b0a6be"", ""started"": 149, ""unstarted"": 109}"
api-gemini-affinity-smoke-v2,api,"[""Gemini 3.8 Flash / medium""]",gemini38_flash_medium_affinity_smoke_20260911_v2,2026-09-11T07:34:06.982184Z,2026-09-11T07:35:02.314718Z,controller started_at → finished_at,smoke,Search/NAS101各1池，N2/poolact/Tight；4steps/3evals。,2,2,2,"logical invocation/pool; executed means terminal execution_complete, not HTTP attempts",签名会话绑定复验通过；16调用/24历史回放/4forcedfinal保留签名。后来NAS字符串edge问题归因为网关schema转换。,允许进入固定v2pilot；不入正式分母。,validation_only,False,"[""/lustrefs/users/chufan.shi/codex_space_tn/gemini38_eval_20260911/analysis_affinity_smoke_v2/GEMINI_AFFINITY_SMOKE_REVIEW.md"", ""/lustrefs/users/chufan.shi/codex_space_tn/gemini38_eval_20260911/analysis_affinity_smoke_v2/pilot-entry-acceptance.json""]","[""日志无异常标记不证明所有网关上游字节或隐藏重试为零。""]",{}
api-gemini-pilot-v2,api,"[""Gemini 3.8 Flash / medium""]",gemini38_flash_medium_pilot_20260911_v2,2026-09-11T07:38:22.954191Z,2026-09-11T08:33:49.635327Z,controller started_at → finished_at,smoke,固定pilot33项/87轨迹：ExpGym Search/Audit/ParamNet/NAS101/NAS201各1×3预算=15；N4 Search/Audit/NAS101各1×2预算×三策略=18。,33,33,,"logical invocation/pool; executed means terminal execution_complete, not HTTP attempts",网关把integer enum改成string enum，NAS首轮参数错误不可简单归咎模型；同时记录legacy个人配置fallback及Audit围栏答案投票排除。,修原生schema字段，另做9项v3补验；v2pilot只作诊断，不并正式。,validation_only,False,"[""/lustrefs/users/chufan.shi/codex_space_tn/gemini38_eval_20260911/analysis_pilot_v2/PILOT_REVIEW_v2.md"", ""/lustrefs/users/chufan.shi/codex_space_tn/gemini38_eval_20260911/analysis_pilot_v2/SCHEMA_INTERPRETATION_CORRECTION.md"", ""/lustrefs/users/chufan.shi/codex_space_tn/gemini38_eval_20260911/studies/gemini38_flash_medium_pilot_20260911_v2/controller/controller.json""]","[""33执行/87审阅已知；未在此另行计算严格pool评分完整数。"", ""API限额短hold是原worker继续，不是重跑。""]","{""phase_detail"": ""independent fixed pilot""}"
api-gemini-schema-json-probe,api,"[""Gemini 3.8 Flash / medium""]",validation/schema-json-probe-v1,2026-09-11T08:26:58.429347Z,2026-09-11T08:27:01.255124Z,probe started_at_utc → finished_at_utc,smoke,合成integer enum+string enum两轮schema验证。,1,1,,probe session,parametersJsonSchema保留整数类型；首轮整数0通过严格工具验证，第二轮NONE返回准确receipt。,移植至独立Gemini源码v3，固定补充pilot验证。,validation_only,False,"[""/lustrefs/users/chufan.shi/codex_space_tn/gemini38_eval_20260911/validation/schema-json-probe-v1/SUMMARY.json""]","[""2 API调用、1308token单列；不是benchmark样本。""]","{""api_attempts"": 2}"
api-gemini-schema-pilot-v3,api,"[""Gemini 3.8 Flash / medium""]",gemini38_flash_medium_schema_pilot_20260911_v3,2026-09-11T08:36:32.226729Z,2026-09-11T09:00:38.554221Z,controller started_at → finished_at; first queue start08:37:38.792794,smoke,固定9项/18轨迹，全部Tight：ExpGym Search1/Audit1/HPO4；NAS三策略N4各1池。,9,9,9,"logical invocation/pool; executed means terminal execution_complete, not HTTP attempts",原生JSON Schema、完整签名历史与工具结果检查通过；错误答案、legacy回填与超预算隐藏反馈均保留。,09:32正式入口验收；09:35启动正式783项。,validation_only,False,"[""/lustrefs/users/chufan.shi/codex_space_tn/gemini38_eval_20260911/analysis_schema_pilot_v3/README.zh.md"", ""/lustrefs/users/chufan.shi/codex_space_tn/gemini38_eval_20260911/analysis_schema_pilot_v3/FORMAL_ENTRY_ACCEPTANCE.json""]","[""补验不是正式数据；不是把低分pilot重新挑到高分。""]","{""source_commit"": ""de96fb644623e1eedd766bc02d86ad0f13bb7126""}"
api-gemini-original-formal-v3,api,"[""Gemini 3.8 Flash / medium""]",gemini38_flash_medium_refmatrix_20260911_v3,2026-09-11T09:35:28.706306Z,2026-09-11T12:02:42.086545Z,first queue start → drained (rounded microseconds); controller09:35:12→12:02:42.305918,formal,ExpGym N1: Search 73题×3预算、Audit 13文档×3顺序×3预算、HPO 9任务×3重复×3预算，共417项；N4: Search39题、Audit13文档、NAS101 A/B/C×3重复，各×Moderate/Tight×naive/cached/poolact，共366池。总783项/1881 agent槽。,783,76,76,"logical invocation/pool; executed means terminal execution_complete, not HTTP attempts",第77个任务是Search Moderate naive N4池，agent2上游MALFORMED_FUNCTION_CALL；整个池保留失败/未知，不以其他3名agent拼完整池。,76完成及1失败保留；只在独立recovery首次执行原706未开始任务。,used,False,"[""/lustrefs/users/chufan.shi/codex_space_tn/gemini38_eval_20260911/analysis_formal_v3_interruption_v1/README.zh.md"", ""/lustrefs/users/chufan.shi/codex_space_tn/gemini38_eval_20260911/analysis_formal_v3_interruption_v1/CONTINUATION_DECISION.json"", ""/lustrefs/users/chufan.shi/codex_space_tn/gemini38_eval_20260911/studies/gemini38_flash_medium_refmatrix_20260911_v3/queue-plan.json""]","[""该失败没有重跑，也没有赋零。""]","{""effective_final_slots"": 77, ""failed"": 1, ""source_commit"": ""de96fb644623e1eedd766bc02d86ad0f13bb7126"", ""started"": 77, ""unstarted"": 706}"
api-gemini-formal-recovery-v1,api,"[""Gemini 3.8 Flash / medium""]",gemini38_flash_medium_refmatrix_recovery_20260911_v1,2026-09-11T12:17:46.943588Z,,first queue start; still quota_held in Sept14 23:45 validated snapshot; no terminal end,recovery,原783项中706个未开始槽位；矩阵、源码、参数、题集、顺序与v3一致。,706,691,691,"logical invocation/pool; executed means terminal execution_complete, not HTTP attempts",经历多次实际额度等待，同controller/queue/worker保留状态继续；最后剩15项全部HPO第三重复(seed2208)：ExpGym6、N4池9。,不重跑原模型abort；原队列等待额度。六模型报告使用76+691=767已完成数据，并明确1失败/15未完成。,used,False,"[""/lustrefs/users/chufan.shi/codex_space_tn/gemini38_eval_20260911/studies/gemini38_flash_medium_refmatrix_recovery_20260911_v1/queue-plan.json"", ""/lustrefs/users/chufan.shi/codex_space_tn/gemini38_eval_20260911/RUNNING.zh.md"", ""/lustrefs/users/chufan.shi/codex_space_tn/gemini38_eval_20260911/analysis_gemini_progress_20260914_v1/README.zh.md"", ""/lustrefs/users/chufan.shi/codex_space_tn/gemini_usability_review_20260914/README.zh.md"", ""/lustrefs/users/chufan.shi/codex_space_tn/all_model_report_20260913/catalog/API_COHORTS.json""]","[""快照不是全量闭合；缺失非随机，HPO不能冒充完整3重复。"", ""56条HPO采用原legacy best_evaluated_fallback，并非所有配置都来自最终显式提交。"", ""窗口等待/续期不是新实验轮次；操作事件见RUNNING及operations索引。""]","{""effective_final_slots"": 706, ""failed"": 0, ""incomplete_started"": 1, ""snapshot_asof_utc"": ""2026-09-14T23:45:00Z"", ""source_commit"": ""de96fb644623e1eedd766bc02d86ad0f13bb7126"", ""started"": 692, ""unstarted"": 14}"
api-claude-maskedquota-smoke-v2,api,"[""Claude fable5 / high""]",claude_fable5_high_maskedquota_smoke_20260911_v2,2026-09-11T17:12:34.117740Z,2026-09-11T21:13:27.096185Z,controller includes pre-admission quota wait; actual queue21:10:51.803873→21:13:26.908148,smoke,固定Search Moderate naive N4一池；原30step/30eval。,1,1,1,"logical invocation/pool; executed means terminal execution_complete, not HTTP attempts",77调用中12空refusal，四agent无最终答案，按原规则零分。未实际触发HTTP503新分支。,技术入口通过后恢复指定1失败+109未开始；不宣称masked503已在线复现。,validation_only,True,"[""/lustrefs/users/chufan.shi/codex_space_tn/gemini38_eval_20260911/studies/claude_fable5_high_maskedquota_smoke_20260911_v2/queue-plan.json"", ""/lustrefs/users/chufan.shi/codex_space_tn/gemini38_eval_20260911/analysis_claude_quota_smoke_v2/README.zh.md"", ""/lustrefs/users/chufan.shi/codex_space_tn/gemini38_eval_20260911/RUNNING.zh.md""]","[""这是naive验证池，不是poolact策略样本。""]",{}
api-claude-formal-recovery-v2,api,"[""Claude fable5 / high""]",claude_fable5_high_poolact_recovery_20260911_v2,2026-09-11T21:26:06.208995Z,2026-09-12T02:30:50.529307Z,controller started_at → finished_at,recovery,v1的1个基础设施中断池显式重跑+109个未开始池首次执行，共110池；同原N4矩阵。,110,110,72,"logical invocation/pool; executed means terminal execution_complete, not HTTP attempts",scheduler-masked503时需新鲜额度核验；修复后全110完成，但合法上游拒答仍大量存在，38个HPO池严格评分未知。,与legacy108+v1的148合并成366完成/312评分；后续只读诊断确认881/1464agent明确拒答，非parser丢答案。现按用户要求从主比较排除整个Claude。,not_used,True,"[""/lustrefs/users/chufan.shi/codex_space_tn/gemini38_eval_20260911/studies/claude_fable5_high_poolact_recovery_20260911_v2/controller/controller.json"", ""/lustrefs/users/chufan.shi/codex_space_tn/gemini38_eval_20260911/analysis_claude_composite_v2/README.zh.md"", ""/lustrefs/users/chufan.shi/codex_space_tn/claude_trace_diagnosis_20260913/COUNTS.json""]","[""已完成零分/无答案/合法unknown不重采样。"", ""refusal分类和重复修复请求弱点仍是诊断发现，不冒称已部署修好。""]","{""source_commit"": ""a5d61d7c89afc0a2bf964ffc76ccd42397f8568a""}"
dpsk-diagnostic-baseline-tp8-c1,selfserve,"[""DeepSeek V4 Flash 0731""]",diag-79c3672ecc37492b8335b18587e5a401 / baseline-tp8-c1,2026-09-12T00:41:37.842333+00:00,2026-09-12T00:46:11.999686+00:00,min/max recorded replay response metadata timestamps,smoke,Eight selected first-request diagnostic replays; no task score and not independent full-matrix samples.,"{""calls"": 8}","{""delivered_calls"": 8}",,Units and scope remain explicit in each accounting object; not necessarily logical slots or strict scores.,v1 helper reordered schema fields: not exact original-wire replay; retained separately.,Protocol/serving diagnosis informed later task smoke and targeted full-length N4 rerun; no old formal answer overwritten.,validation_only,False,"[""/lustrefs/users/chufan.shi/codex_space_tn/eval_diagnostics_20260912/baseline-tp8-c1/SUMMARY.json"", ""/lustrefs/users/chufan.shi/codex_space_tn/eval_diagnostics_20260912/IMPACT.zh.md""]",[],{}
dpsk-diagnostic-original-order-v2-c1,selfserve,"[""DeepSeek V4 Flash 0731""]",diag-v2-c56600b44c8346fe9f82733faf71049e / original-order-v2-c1,2026-09-12T00:53:51.586427+00:00,2026-09-12T00:56:54.251093+00:00,min/max recorded replay response metadata timestamps,smoke,Eight selected first-request diagnostic replays; no task score and not independent full-matrix samples.,"{""calls"": 8}","{""delivered_calls"": 8}",,Units and scope remain explicit in each accounting object; not necessarily logical slots or strict scores.,Preserved-order baseline concurrent replay reproduced repetitive/garbled generation; stream-off candidate underwent separate before/after checks. Not proof of unique kernel cause.,Protocol/serving diagnosis informed later task smoke and targeted full-length N4 rerun; no old formal answer overwritten.,validation_only,False,"[""/lustrefs/users/chufan.shi/codex_space_tn/eval_diagnostics_20260912/original-order-v2-c1/SUMMARY.json"", ""/lustrefs/users/chufan.shi/codex_space_tn/eval_diagnostics_20260912/IMPACT.zh.md""]",[],{}
dpsk-diagnostic-original-order-v2-c4,selfserve,"[""DeepSeek V4 Flash 0731""]",diag-v2-bb4acc3348d14450be806bc0ea77dd1a / original-order-v2-c4,2026-09-12T00:57:35.077927+00:00,2026-09-12T01:01:13.393383+00:00,min/max recorded replay response metadata timestamps,smoke,Eight selected first-request diagnostic replays; no task score and not independent full-matrix samples.,"{""calls"": 8}","{""delivered_calls"": 8}",,Units and scope remain explicit in each accounting object; not necessarily logical slots or strict scores.,Preserved-order baseline concurrent replay reproduced repetitive/garbled generation; stream-off candidate underwent separate before/after checks. Not proof of unique kernel cause.,Protocol/serving diagnosis informed later task smoke and targeted full-length N4 rerun; no old formal answer overwritten.,validation_only,False,"[""/lustrefs/users/chufan.shi/codex_space_tn/eval_diagnostics_20260912/original-order-v2-c4/SUMMARY.json"", ""/lustrefs/users/chufan.shi/codex_space_tn/eval_diagnostics_20260912/IMPACT.zh.md""]",[],{}
graph-smoke-glm-baseline-1205018,selfserve,"[""glm-5.3""]",glm-baseline-1205018,2026-09-12T01:15:54.266549+00:00,2026-09-12T01:56:42.089466+00:00,min/max execution_started/finished metadata across completed pools,smoke,"Tight fixed NAS101-A and/or Audit q0, N2/R1, max_steps4/max_evals3, matched naive/cached/poolact. Not 783-slot study.","{""pools"": 6}","{""completed_pools"": 4, ""unstarted_pools"": 2}","{""score_complete_agents"": 8, ""score_complete_pools"": 4}",Units and scope remain explicit in each accounting object; not necessarily logical slots or strict scores.,Original GLM allocation had insufficient remaining time after loading; Audit naive/cached never started. Original completed Audit PoolAct retained but superseded for matching.,GLM Audit restarted as a whole separate three-strategy continuation; 12 matched pools plus one superseded completed pool retained across diagnostic cohorts.,validation_only,False,"[""/lustrefs/users/chufan.shi/codex_space_tn/eval_diagnostics_20260912/publication_sealed_v1/per_pool.csv"", ""/lustrefs/users/chufan.shi/codex_space_tn/eval_diagnostics_20260912/publication_sealed_v1/README.zh.md"", ""/lustrefs/users/chufan.shi/codex_space_tn/eval_diagnostics_20260912/graph_smoke/runs/glm-5_3-graph-v4-20260912-nas101_a-poolact/execution_started.json"", ""/lustrefs/users/chufan.shi/codex_space_tn/eval_diagnostics_20260912/graph_smoke/runs/glm-5_3-graph-v4-20260912-nas101_a-poolact/execution_finished.json"", ""/lustrefs/users/chufan.shi/codex_space_tn/eval_diagnostics_20260912/graph_smoke/runs/glm-5_3-graph-v4-20260912-audit_q0-poolact/execution_started.json"", ""/lustrefs/users/chufan.shi/codex_space_tn/eval_diagnostics_20260912/graph_smoke/runs/glm-5_3-graph-v4-20260912-audit_q0-poolact/execution_finished.json"", ""/lustrefs/users/chufan.shi/codex_space_tn/eval_diagnostics_20260912/graph_smoke/matched_strategies/runs/glm-5_3-graph-v4-20260912-nas101_a-matched-naive/execution_started.json"", ""/lustrefs/users/chufan.shi/codex_space_tn/eval_diagnostics_20260912/graph_smoke/matched_strategies/runs/glm-5_3-graph-v4-20260912-nas101_a-matched-naive/execution_finished.json"", ""/lustrefs/users/chufan.shi/codex_space_tn/eval_diagnostics_20260912/graph_smoke/matched_strategies/runs/glm-5_3-graph-v4-20260912-nas101_a-matched-cached/execution_started.json"", ""/lustrefs/users/chufan.shi/codex_space_tn/eval_diagnostics_20260912/graph_smoke/matched_strategies/runs/glm-5_3-graph-v4-20260912-nas101_a-matched-cached/execution_finished.json""]","[""Diagnostic samples are not substituted into latest full-matrix scores.""]",{}
dpsk-diagnostic-multistream-off-v2-c4,selfserve,"[""DeepSeek V4 Flash 0731""]",diag-v2-a6ab7bc578ad499d9b002db3d65c07eb / multistream-off-v2-c4,2026-09-12T01:33:23.835657+00:00,2026-09-12T01:35:35.481320+00:00,min/max recorded replay response metadata timestamps,smoke,Eight selected first-request diagnostic replays; no task score and not independent full-matrix samples.,"{""calls"": 8}","{""delivered_calls"": 8}",,Units and scope remain explicit in each accounting object; not necessarily logical slots or strict scores.,Preserved-order baseline concurrent replay reproduced repetitive/garbled generation; stream-off candidate underwent separate before/after checks. Not proof of unique kernel cause.,Protocol/serving diagnosis informed later task smoke and targeted full-length N4 rerun; no old formal answer overwritten.,validation_only,False,"[""/lustrefs/users/chufan.shi/codex_space_tn/eval_diagnostics_20260912/multistream-off-v2-c4/SUMMARY.json"", ""/lustrefs/users/chufan.shi/codex_space_tn/eval_diagnostics_20260912/IMPACT.zh.md""]",[],{}
graph-smoke-deepseek-streamoff-1205022,selfserve,"[""deepseek-v4-flash-0731""]",deepseek-streamoff-1205022,2026-09-12T01:38:29.537495+00:00,2026-09-12T01:49:28.150593+00:00,min/max execution_started/finished metadata across completed pools,smoke,"Tight fixed NAS101-A and/or Audit q0, N2/R1, max_steps4/max_evals3, matched naive/cached/poolact. Not 783-slot study.","{""pools"": 6}","{""completed_pools"": 6, ""unstarted_pools"": 0}","{""score_complete_agents"": 12, ""score_complete_pools"": 6}",Units and scope remain explicit in each accounting object; not necessarily logical slots or strict scores.,"Bounded validation of complete graph identity and native Audit prompt fix; actual positive/zero/negative effects retained, not acceptance-by-improvement.",GLM Audit restarted as a whole separate three-strategy continuation; 12 matched pools plus one superseded completed pool retained across diagnostic cohorts.,validation_only,False,"[""/lustrefs/users/chufan.shi/codex_space_tn/eval_diagnostics_20260912/publication_sealed_v1/per_pool.csv"", ""/lustrefs/users/chufan.shi/codex_space_tn/eval_diagnostics_20260912/publication_sealed_v1/README.zh.md"", ""/lustrefs/users/chufan.shi/codex_space_tn/eval_diagnostics_20260912/graph_smoke/streamoff/cohort_v1/runs/deepseek-v4-flash-0731-graph-v4-20260912-nas101_a-streamoff-poolact/execution_started.json"", ""/lustrefs/users/chufan.shi/codex_space_tn/eval_diagnostics_20260912/graph_smoke/streamoff/cohort_v1/runs/deepseek-v4-flash-0731-graph-v4-20260912-nas101_a-streamoff-poolact/execution_finished.json"", ""/lustrefs/users/chufan.shi/codex_space_tn/eval_diagnostics_20260912/graph_smoke/streamoff/cohort_v1/runs/deepseek-v4-flash-0731-graph-v4-20260912-audit_q0-streamoff-poolact/execution_started.json"", ""/lustrefs/users/chufan.shi/codex_space_tn/eval_diagnostics_20260912/graph_smoke/streamoff/cohort_v1/runs/deepseek-v4-flash-0731-graph-v4-20260912-audit_q0-streamoff-poolact/execution_finished.json"", ""/lustrefs/users/chufan.shi/codex_space_tn/eval_diagnostics_20260912/graph_smoke/streamoff/cohort_v1/matched_runs/deepseek-v4-flash-0731-graph-v4-20260912-nas101_a-streamoff-matched-naive/execution_started.json"", ""/lustrefs/users/chufan.shi/codex_space_tn/eval_diagnostics_20260912/graph_smoke/streamoff/cohort_v1/matched_runs/deepseek-v4-flash-0731-graph-v4-20260912-nas101_a-streamoff-matched-naive/execution_finished.json"", ""/lustrefs/users/chufan.shi/codex_space_tn/eval_diagnostics_20260912/graph_smoke/streamoff/cohort_v1/matched_runs/deepseek-v4-flash-0731-graph-v4-20260912-nas101_a-streamoff-matched-cached/execution_started.json"", ""/lustrefs/users/chufan.shi/codex_space_tn/eval_diagnostics_20260912/graph_smoke/streamoff/cohort_v1/matched_runs/deepseek-v4-flash-0731-graph-v4-20260912-nas101_a-streamoff-matched-cached/execution_finished.json"", ""/lustrefs/users/chufan.shi/codex_space_tn/eval_diagnostics_20260912/graph_smoke/streamoff/cohort_v1/matched_runs/deepseek-v4-flash-0731-graph-v4-20260912-audit_q0-streamoff-matched-naive/execution_started.json"", ""/lustrefs/users/chufan.shi/codex_space_tn/eval_diagnostics_20260912/graph_smoke/streamoff/cohort_v1/matched_runs/deepseek-v4-flash-0731-graph-v4-20260912-audit_q0-streamoff-matched-naive/execution_finished.json"", ""/lustrefs/users/chufan.shi/codex_space_tn/eval_diagnostics_20260912/graph_smoke/streamoff/cohort_v1/matched_runs/deepseek-v4-flash-0731-graph-v4-20260912-audit_q0-streamoff-matched-cached/execution_started.json"", ""/lustrefs/users/chufan.shi/codex_space_tn/eval_diagnostics_20260912/graph_smoke/streamoff/cohort_v1/matched_runs/deepseek-v4-flash-0731-graph-v4-20260912-audit_q0-streamoff-matched-cached/execution_finished.json""]","[""Diagnostic samples are not substituted into latest full-matrix scores.""]",{}
dpsk-diagnostic-multistream-off-v2-c4-after-smokes,selfserve,"[""DeepSeek V4 Flash 0731""]",diag-v2-7bed1df3429c403bac596372c68adf17 / multistream-off-v2-c4-after-smokes,2026-09-12T01:50:07.141971+00:00,2026-09-12T01:51:38.631946+00:00,min/max recorded replay response metadata timestamps,smoke,Eight selected first-request diagnostic replays; no task score and not independent full-matrix samples.,"{""calls"": 8}","{""delivered_calls"": 8}",,Units and scope remain explicit in each accounting object; not necessarily logical slots or strict scores.,Preserved-order baseline concurrent replay reproduced repetitive/garbled generation; stream-off candidate underwent separate before/after checks. Not proof of unique kernel cause.,Protocol/serving diagnosis informed later task smoke and targeted full-length N4 rerun; no old formal answer overwritten.,validation_only,False,"[""/lustrefs/users/chufan.shi/codex_space_tn/eval_diagnostics_20260912/multistream-off-v2-c4-after-smokes/SUMMARY.json"", ""/lustrefs/users/chufan.shi/codex_space_tn/eval_diagnostics_20260912/IMPACT.zh.md""]",[],{}
graph-smoke-glm_audit_continuation_v1,selfserve,"[""glm-5.3""]",glm_audit_continuation_v1,2026-09-12T02:45:13.834876+00:00,2026-09-12T03:45:38.184907+00:00,min/max execution_started/finished metadata across completed pools,smoke,"Tight fixed NAS101-A and/or Audit q0, N2/R1, max_steps4/max_evals3, matched naive/cached/poolact. Not 783-slot study.","{""pools"": 3}","{""completed_pools"": 3, ""unstarted_pools"": 0}","{""score_complete_agents"": 6, ""score_complete_pools"": 3}",Units and scope remain explicit in each accounting object; not necessarily logical slots or strict scores.,"Bounded validation of complete graph identity and native Audit prompt fix; actual positive/zero/negative effects retained, not acceptance-by-improvement.",GLM Audit restarted as a whole separate three-strategy continuation; 12 matched pools plus one superseded completed pool retained across diagnostic cohorts.,validation_only,False,"[""/lustrefs/users/chufan.shi/codex_space_tn/eval_diagnostics_20260912/publication_sealed_v1/per_pool.csv"", ""/lustrefs/users/chufan.shi/codex_space_tn/eval_diagnostics_20260912/publication_sealed_v1/README.zh.md"", ""/lustrefs/users/chufan.shi/codex_space_tn/eval_diagnostics_20260912/graph_smoke/glm_audit_continuation/runs/glm-5_3-graph-v4-audit-cont-20260912-audit_q0-poolact/execution_started.json"", ""/lustrefs/users/chufan.shi/codex_space_tn/eval_diagnostics_20260912/graph_smoke/glm_audit_continuation/runs/glm-5_3-graph-v4-audit-cont-20260912-audit_q0-poolact/execution_finished.json"", ""/lustrefs/users/chufan.shi/codex_space_tn/eval_diagnostics_20260912/graph_smoke/glm_audit_continuation/runs/glm-5_3-graph-v4-audit-cont-20260912-audit_q0-matched-naive/execution_started.json"", ""/lustrefs/users/chufan.shi/codex_space_tn/eval_diagnostics_20260912/graph_smoke/glm_audit_continuation/runs/glm-5_3-graph-v4-audit-cont-20260912-audit_q0-matched-naive/execution_finished.json"", ""/lustrefs/users/chufan.shi/codex_space_tn/eval_diagnostics_20260912/graph_smoke/glm_audit_continuation/runs/glm-5_3-graph-v4-audit-cont-20260912-audit_q0-matched-cached/execution_started.json"", ""/lustrefs/users/chufan.shi/codex_space_tn/eval_diagnostics_20260912/graph_smoke/glm_audit_continuation/runs/glm-5_3-graph-v4-audit-cont-20260912-audit_q0-matched-cached/execution_finished.json""]","[""Diagnostic samples are not substituted into latest full-matrix scores.""]",{}
api-gpt-material-first-pool-transport-failure,api,"[""GPT-5.6-sol / medium""]",gpt56sol-medium-nas-moderate-material-rerun-20260912-v1 / original first pool,2026-09-12T04:59:24.680001Z,2026-09-12T05:00:01.202084Z,first request start → last failed transport attempt,targeted_rerun,登记27池中的NAS101 C/Moderate/poolact/第3重复，一个N4池。,1,0,0,"logical invocation/pool; executed means terminal execution_complete, not HTTP attempts",研究节点缺少loopback tunnel；12次ConnectionRefused，0 HTTP响应/0 delivered决定；usage未知。,修独立转发，固定科学槽新physical identity只恢复一次；旧失败原件和成本保留。,replaced,False,"[""/lustrefs/users/chufan.shi/codex_space_tn/eval_material_rerun_20260912/gpt/initial_transport_failure.json"", ""/lustrefs/users/chufan.shi/codex_space_tn/eval_material_rerun_20260912/gpt/recovery_001/attempt-mapping.json""]","[""不是新增第28个科学槽，也不是按成绩重采样。""]","{""api_attempts"": 12, ""failed"": 1, ""started"": 1}"
api-gpt-material-first-pool-recovery,api,"[""GPT-5.6-sol / medium""]",gpt-material-rerun recovery_001,2026-09-12T05:12:38.315903Z,2026-09-12T05:25:50.800489Z,first queue start → drained (rounded microseconds),recovery,上一行同一科学槽：NAS101 C/Moderate/poolact/第3重复，N4。,1,1,1,"logical invocation/pool; executed means terminal execution_complete, not HTTP attempts",修复基础设施后完整评分；源码通用graph身份修复，本地admission cap统一262144，effort仍medium。,通过首池检查后首次执行剩余26个原登记槽。,used,False,"[""/lustrefs/users/chufan.shi/codex_space_tn/eval_material_rerun_20260912/gpt/recovery_001/native-review.json"", ""/lustrefs/users/chufan.shi/codex_space_tn/eval_material_rerun_20260912/gpt/recovery_001/attempt-mapping.json"", ""/lustrefs/users/chufan.shi/codex_space_tn/eval_material_rerun_20260912/gpt/recovery_001/effective-cohort-result.json""]","[""首池未实际超过旧131072 heuristic，不是provider262144容量压力测试。""]","{""effective_final_slots"": 1, ""source_commit"": ""7f0fe09584a57266832efa38662df7fe599f2431""}"
deepseek-material-rerun-v1,selfserve,"[""DeepSeek V4 Flash 0731""]",eval-material-rerun-20260912-v1 / deepseek / 1789190221829145239-140781,2026-09-12T05:17:02.111848+00:00,2026-09-12T07:17:52.656682+00:00,first/last dynamic session events.wall_time_ns,targeted_rerun,"Audit13 × Moderate/Tight × all three strategies (78) + NAS101 A/B/C × R3 × Moderate/Tight × all three strategies (54) + whois39 × Moderate × all three strategies (117); N4, max_steps/max_evals30; same item/seed labels and legacy task-abstention-v1.","{""agents"": 996, ""pools"": 249}","{""completed_pools"": 249, ""execution_failed"": 0}","{""score_complete_agents"": 996, ""score_complete_pools"": 249}",Units and scope remain explicit in each accounting object; not necessarily logical slots or strict scores.,"Triggered by material impact review, not every affected cell: full graph identity + native Audit prompt compatibility repair; DeepSeek additionally disabled multistream overlap on the frozen runtime.","Latest report replaces exactly these old matched three-arm slots with new source/deployment cohort, preserving all old data and positive/negative/empty outcomes. No single-agent or Qwen rerun.",used,False,"[""/lustrefs/users/chufan.shi/codex_space_tn/eval_material_rerun_20260912/deepseek/queue/state/sessions/1789190221829145239-140781/summary.json"", ""/lustrefs/users/chufan.shi/codex_space_tn/eval_material_rerun_20260912/deepseek/queue/state/sessions/1789190221829145239-140781/events.jsonl"", ""/lustrefs/users/chufan.shi/codex_space_tn/eval_material_rerun_20260912/PLAN.zh.md"", ""/lustrefs/users/chufan.shi/codex_space_tn/eval_material_rerun_20260912/EXECUTION_NOTES.zh.md"", ""/lustrefs/users/chufan.shi/codex_space_tn/eval_material_rerun_20260912/STATUS.zh.md"", ""/lustrefs/users/chufan.shi/codex_space_tn/eval_material_rerun_20260912/deepseek/queue/planned_pools.csv""]","[""Outcome-informed targeted selection was fixed before new calls; not an unbiased all-settings repair-effect experiment."", ""Multiple changes co-occur, so old/new score change is not attributable to a single patch.""]",{}
kimi-material-rerun-v1,selfserve,"[""Kimi K3""]",eval-material-rerun-20260912-v1 / kimi / 1789190226793525988-140886,2026-09-12T05:17:06.884094+00:00,2026-09-12T07:10:34.040548+00:00,first/last dynamic session events.wall_time_ns,targeted_rerun,"NAS101 A/B/C × R3 × Tight × all three strategies; N4, max_steps/max_evals30; same item/seed labels and legacy task-abstention-v1.","{""agents"": 108, ""pools"": 27}","{""completed_pools"": 27, ""execution_failed"": 0}","{""score_complete_agents"": 108, ""score_complete_pools"": 27}",Units and scope remain explicit in each accounting object; not necessarily logical slots or strict scores.,"Triggered by material impact review, not every affected cell: full graph identity + native Audit prompt compatibility repair; DeepSeek additionally disabled multistream overlap on the frozen runtime.","Latest report replaces exactly these old matched three-arm slots with new source/deployment cohort, preserving all old data and positive/negative/empty outcomes. No single-agent or Qwen rerun.",used,False,"[""/lustrefs/users/chufan.shi/codex_space_tn/eval_material_rerun_20260912/kimi/queue/state/sessions/1789190226793525988-140886/summary.json"", ""/lustrefs/users/chufan.shi/codex_space_tn/eval_material_rerun_20260912/kimi/queue/state/sessions/1789190226793525988-140886/events.jsonl"", ""/lustrefs/users/chufan.shi/codex_space_tn/eval_material_rerun_20260912/PLAN.zh.md"", ""/lustrefs/users/chufan.shi/codex_space_tn/eval_material_rerun_20260912/EXECUTION_NOTES.zh.md"", ""/lustrefs/users/chufan.shi/codex_space_tn/eval_material_rerun_20260912/STATUS.zh.md"", ""/lustrefs/users/chufan.shi/codex_space_tn/eval_material_rerun_20260912/kimi/queue/planned_pools.csv""]","[""Outcome-informed targeted selection was fixed before new calls; not an unbiased all-settings repair-effect experiment."", ""Multiple changes co-occur, so old/new score change is not attributable to a single patch.""]",{}
glm-material-rerun-v1,selfserve,"[""GLM 5.3""]",eval-material-rerun-20260912-v1 / glm / 1789190226944050471-140892,2026-09-12T05:17:07.060547+00:00,2026-09-12T10:20:30.754084+00:00,first/last dynamic session events.wall_time_ns,targeted_rerun,"NAS101 A/B/C × R3 × Tight × all three strategies (27) + Audit13 × Tight × all three strategies (39); N4, max_steps/max_evals30; same item/seed labels and legacy task-abstention-v1.","{""agents"": 264, ""pools"": 66}","{""completed_pools"": 66, ""execution_failed"": 0}","{""score_complete_agents"": 264, ""score_complete_pools"": 66}",Units and scope remain explicit in each accounting object; not necessarily logical slots or strict scores.,"Triggered by material impact review, not every affected cell: full graph identity + native Audit prompt compatibility repair; DeepSeek additionally disabled multistream overlap on the frozen runtime.","Latest report replaces exactly these old matched three-arm slots with new source/deployment cohort, preserving all old data and positive/negative/empty outcomes. No single-agent or Qwen rerun.",used,False,"[""/lustrefs/users/chufan.shi/codex_space_tn/eval_material_rerun_20260912/glm/queue/state/sessions/1789190226944050471-140892/summary.json"", ""/lustrefs/users/chufan.shi/codex_space_tn/eval_material_rerun_20260912/glm/queue/state/sessions/1789190226944050471-140892/events.jsonl"", ""/lustrefs/users/chufan.shi/codex_space_tn/eval_material_rerun_20260912/PLAN.zh.md"", ""/lustrefs/users/chufan.shi/codex_space_tn/eval_material_rerun_20260912/EXECUTION_NOTES.zh.md"", ""/lustrefs/users/chufan.shi/codex_space_tn/eval_material_rerun_20260912/STATUS.zh.md"", ""/lustrefs/users/chufan.shi/codex_space_tn/eval_material_rerun_20260912/glm/queue/planned_pools.csv""]","[""Outcome-informed targeted selection was fixed before new calls; not an unbiased all-settings repair-effect experiment."", ""Multiple changes co-occur, so old/new score change is not attributable to a single patch.""]",{}
api-gpt-material-remaining26,api,"[""GPT-5.6-sol / medium""]",gpt56sol-medium-nas-moderate-material-rerun-20260912-v1 / remaining original slots,2026-09-12T05:31:40.586815Z,2026-09-12T06:37:58.523696Z,first queue start → drained (rounded microseconds),targeted_rerun,NAS101 A/B/C × Moderate ×naive/cached/poolact×3重复，共27池中的剩余26池；N4。,26,26,26,"logical invocation/pool; executed means terminal execution_complete, not HTTP attempts",修复graph内部配置身份截断碰撞；三个策略统一本地context admission 262144；保留native Responses opaque/encrypted history。,最终26+首池恢复1=27池/108agent全部评分；整组替换旧NAS Moderate27池，其余GPT756槽保留。,used,False,"[""/lustrefs/users/chufan.shi/codex_space_tn/eval_material_rerun_20260912/gpt/selection.json"", ""/lustrefs/users/chufan.shi/codex_space_tn/eval_material_rerun_20260912/gpt/recovery_001/effective-cohort-result.json"", ""/lustrefs/users/chufan.shi/codex_space_tn/eval_material_rerun_20260912/EXECUTION_NOTES.zh.md"", ""https://github.com/tiannuo-yang/LLM_ExpGym/blob/b9483acbac11c0d3787618d8bdf1fc95c09ddcab/results/eval-material-rerun-20260912/README.zh.md""]","[""新旧同时含源码/context/时间变化，不能把分数差唯一归因一个补丁。"", ""保留legacy评分约定；没有重跑GPT ExpGym/其他N4设置。""]","{""effective_final_slots"": 26, ""source_commit"": ""7f0fe09584a57266832efa38662df7fe599f2431""}"
api-gemini-plan-only-v1-v2,api,"[""Gemini 3.8 Flash / medium""]",gemini38_flash_medium_pilot_20260911_v1; refmatrix_20260911_v1; refmatrix_20260911_v2,,,plan artifacts only; no execution/controller/session evidence in named v1pilot/v2formal directories,plan_only,v1pilot计划33项；v1/v2正式计划783项。,,0,0,"logical invocation/pool; executed means terminal execution_complete, not HTTP attempts",v1签名保真失败后变更入口；v2pilot发现schema改写后正式入口升级v3。,这些plan不计入跑过的性能样本；实际pilot使用v2，实际正式使用v3。,not_used,False,"[""/lustrefs/users/chufan.shi/codex_space_tn/gemini38_eval_20260911/planning/gemini38_flash_medium_refmatrix_20260911_v1-matrix.json"", ""/lustrefs/users/chufan.shi/codex_space_tn/gemini38_eval_20260911/studies/gemini38_flash_medium_pilot_20260911_v1/queue-plan.json"", ""/lustrefs/users/chufan.shi/codex_space_tn/gemini38_eval_20260911/studies/gemini38_flash_medium_refmatrix_20260911_v2/queue-plan.json""]","[""把计划单列是防止把文件夹版本误读成多次正式重跑。""]",{}
api-gpt-material-prelaunch,api,"[""GPT-5.6-sol / medium""]",gpt-material-rerun prelaunch_attempt_001,,,prelaunch receipt has no time; no queue admission,plan_only,已登记27池NAS Moderate定向重跑的首池启动尝试。,1,0,0,"logical invocation/pool; executed means terminal execution_complete, not HTTP attempts",后台shell child未保持存活；无队列admission、无API调用，不算科学槽尝试。,用受支持的persistent session执行同一个首池。,not_used,False,"[""/lustrefs/users/chufan.shi/codex_space_tn/eval_material_rerun_20260912/gpt/prelaunch_attempt_001_result.json""]","[""不计作模型失败或额外实验结果。""]","{""api_attempts"": 0}"
deepseek-launch01,selfserve,"[""DeepSeek V4 Flash 0731""]",serving/launch01 / Slurm 1204605,,2026-09-11T04:09:11+00:00,explicit end in PLAN; start left unknown here rather than estimated,smoke,"4 nodes × 8 H200, four TP8 servers; startup/precompile only, zero model experiment calls.","{""allocations"": 1}","{""model_experiment_calls"": 0, ""operator_replaced_startups"": 1}",,Units and scope remain explicit in each accounting object; not necessarily logical slots or strict scores.,"DeepGEMM/TileLang/CUDA driver compile caches did not obey XDG isolation. This was compilation cache, not cross-study task/agent cache.",Proactively replaced by launch02 / 1204607 with isolated caches before any model experiment call.,not_used,False,"[""/lustrefs/users/chufan.shi/codex_space_tn/deepseek_flash_eval_20260911/PLAN.zh.md"", ""/lustrefs/users/chufan.shi/codex_space_tn/deepseek_flash_eval_20260911/study/allocation_final/ACCOUNTING.json""]",[],{}
deepseek-native-smoke,selfserve,"[""DeepSeek V4 Flash 0731""]",native_smoke01 / replicas0-3,,,executed on September 11 per PLAN; exact call interval not reread,smoke,"Four TP8 replicas × native auto/named-tool/forced-none protocol, 16 requests; checkpoint 0731 maximum thinking prefix validated.","{""physical_calls"": 16}","{""delivered_calls"": 16}",,Units and scope remain explicit in each accounting object; not necessarily logical slots or strict scores.,Stock 0.5.17 max prefix matched preview/high rather than official 0731 max; fixed official encoder backport before these calls. No score-bearing rerun.,"16/16 wire calls and offline exact renderer replay accepted, then full formal queue.",validation_only,False,"[""/lustrefs/users/chufan.shi/codex_space_tn/deepseek_flash_eval_20260911/PLAN.zh.md"", ""/lustrefs/users/chufan.shi/codex_space_tn/deepseek_flash_eval_20260911/study/native_contract_replay.json""]",[],{}
portable_02,selfserve,"[""Kimi K3""]",k3_nonce_boundary_1203474_v2,,,未在选定元数据中记录,smoke,nonce 边界诊断；不是 benchmark,"{""logical_calls"": 8}","{""http_attempts"": 8, ""logical_calls"": 8}",,Units and scope remain explicit in each accounting object; not necessarily logical slots or strict scores.,边界诊断，原 strict false 不追认为通过,单独保留，不作为性能结果,validation_only,False,"[""/lustrefs/users/chufan.shi/codex_space_tn/portable_eval_20260908/protocol_runs/k3_nonce_boundary_1203474_v2/report.json""]","[""选定 report 无精确起止时间；不拿目录时间代替""]","{""historical_phase_label"": ""protocol diagnosis"", ""historical_selection_note"": ""不纳入最终正式分数""}"
