source_row,execution_id,model,system,scenario,family,item,regime,strategy,N,seed,agent_id,execution_complete,score_complete,score_status,terminal_classification,policy_version,terminal_origin,termination_reason,raw_answer_is_null,raw_answer_perf_is_null
337,job_3c813f46fbcb140deee3a084f5768c40149b2648c2019588ecff4ea427b9eed4,deepseek-v4-flash-0731,expgym,tuning,nasbench101,hpobench:nasbench101:A,cost_free,single,1,2200,0,True,True,scored_final_answer,completed_scored,task-abstention-v1,normal_loop_return,,False,False
338,job_ede4d6c529bf2246a634ab6dff8cdb7e04b01b20a636ed1229002b7930e187aa,deepseek-v4-flash-0731,expgym,tuning,nasbench101,hpobench:nasbench101:B,cost_free,single,1,2200,0,True,True,scored_final_answer,completed_scored,task-abstention-v1,normal_loop_return,,False,False
339,job_8899ffca9b2b2682d075cf97e3950c602ba57c77a9d7691ef77f0fa784580bb0,deepseek-v4-flash-0731,expgym,tuning,nasbench101,hpobench:nasbench101:C,cost_free,single,1,2200,0,True,True,scored_final_answer,completed_scored,task-abstention-v1,normal_loop_return,,False,False
340,job_12f257ef44f570fdf4aeb6037bb97a8b8b78162b85d8fdf7787666683906ba2f,deepseek-v4-flash-0731,expgym,tuning,nasbench201,hpobench:nasbench201:cifar10-valid,cost_free,single,1,2200,0,True,True,scored_final_answer,completed_scored,task-abstention-v1,normal_loop_return,,False,False
341,job_c9cdee726907aaba2fd02b53ee04427c48223eb57027a023f55dcaa8b32c12af,deepseek-v4-flash-0731,expgym,tuning,nasbench201,hpobench:nasbench201:cifar100,cost_free,single,1,2200,0,True,True,scored_final_answer,completed_scored,task-abstention-v1,normal_loop_return,,False,False
342,job_710ceabb09d31553e6a492b17cb9b79d086a7d47e33a9c1f2570def104563fa3,deepseek-v4-flash-0731,expgym,tuning,nasbench201,hpobench:nasbench201:imagenet16-120,cost_free,single,1,2200,0,True,True,scored_final_answer,completed_scored,task-abstention-v1,normal_loop_return,,False,False
343,job_4d5b0ebf8f4fbe0a47bd219c2251b25a20c15f1e8bc5411c85916191a81f6754,deepseek-v4-flash-0731,expgym,tuning,nasbench101,hpobench:nasbench101:A,cost_moderate,single,1,2200,0,True,True,scored_final_answer,completed_scored,task-abstention-v1,normal_loop_return,,False,False
344,job_8a16853d06c3d4db03f1832fa5ec0e015b442aac62183891c28cec4a0c6c339f,deepseek-v4-flash-0731,expgym,tuning,nasbench101,hpobench:nasbench101:B,cost_moderate,single,1,2200,0,True,True,scored_final_answer,completed_scored,task-abstention-v1,normal_loop_return,,False,False
345,job_7f064f78cbfb39b71e0a5af9ee315c2b24fbcadc17aa20ab876e3d1587f772d7,deepseek-v4-flash-0731,expgym,tuning,nasbench101,hpobench:nasbench101:C,cost_moderate,single,1,2200,0,True,True,scored_final_answer,completed_scored,task-abstention-v1,normal_loop_return,,False,False
346,job_99642750c25991a7e10204540a33fe674a8809a9c78ccf663d8d87315659e120,deepseek-v4-flash-0731,expgym,tuning,nasbench201,hpobench:nasbench201:cifar10-valid,cost_moderate,single,1,2200,0,True,True,scored_final_answer,completed_scored,task-abstention-v1,normal_loop_return,,False,False
347,job_9fbf1f3031802eb280810b162754339f4b9e9f28399d5f82bfbdbbac4df15ccb,deepseek-v4-flash-0731,expgym,tuning,nasbench201,hpobench:nasbench201:cifar100,cost_moderate,single,1,2200,0,True,True,scored_final_answer,completed_scored,task-abstention-v1,normal_loop_return,,False,False
348,job_1cc65d304dadb355c1e9f549919654807e7be259c9262a4a8e0119ea5aad9d7d,deepseek-v4-flash-0731,expgym,tuning,nasbench201,hpobench:nasbench201:imagenet16-120,cost_moderate,single,1,2200,0,True,True,scored_final_answer,completed_scored,task-abstention-v1,normal_loop_return,,False,False
349,job_f568dd4bd3e41d4ce8536abd6d20a44184ddd84d15305717b2792ca32ed0f5d6,deepseek-v4-flash-0731,expgym,tuning,nasbench101,hpobench:nasbench101:A,cost_tight,single,1,2200,0,True,True,scored_final_answer,completed_scored,task-abstention-v1,normal_loop_return,,False,False
350,job_082a8ea111f8cbd3939e3a18555f09cbe212d3e951907cc778d04551826cea56,deepseek-v4-flash-0731,expgym,tuning,nasbench101,hpobench:nasbench101:B,cost_tight,single,1,2200,0,True,True,scored_final_answer,completed_scored,task-abstention-v1,normal_loop_return,,False,False
351,job_5771bd8ee1b060fd4c13fc0d9a023e7c8bbf2297fbd2c878ae27c16661bf85bf,deepseek-v4-flash-0731,expgym,tuning,nasbench101,hpobench:nasbench101:C,cost_tight,single,1,2200,0,True,True,scored_final_answer,completed_scored,task-abstention-v1,normal_loop_return,,False,False
352,job_1d635af189e0d56ef688f70a038f59a3240e1bc3401b977dabcd226d3f581cf7,deepseek-v4-flash-0731,expgym,tuning,nasbench201,hpobench:nasbench201:cifar10-valid,cost_tight,single,1,2200,0,True,True,scored_final_answer,completed_scored,task-abstention-v1,normal_loop_return,,False,False
353,job_3943e9d574e3dae4f11ca4d3b19aa9200b06f550e070dee5d715148f5a468bd6,deepseek-v4-flash-0731,expgym,tuning,nasbench201,hpobench:nasbench201:cifar100,cost_tight,single,1,2200,0,True,True,scored_final_answer,completed_scored,task-abstention-v1,normal_loop_return,,False,False
354,job_3ab161a29a42062759a0e691d9a594f547f2828aa14c17297bd9a0979da71cf4,deepseek-v4-flash-0731,expgym,tuning,nasbench201,hpobench:nasbench201:imagenet16-120,cost_tight,single,1,2200,0,True,True,scored_final_answer,completed_scored,task-abstention-v1,normal_loop_return,,False,False
355,job_3335fac2e8e3175e790f143039faa05469a5f4ffb2d25a479b726eb8c86c2926,deepseek-v4-flash-0731,expgym,tuning,nasbench101,hpobench:nasbench101:A,cost_free,single,1,2204,0,True,True,scored_final_answer,completed_scored,task-abstention-v1,normal_loop_return,,False,False
356,job_91c7d20cd36df3e2231fad065ccff3f33b49ff6cc035a4165e2b37f7ae5bf765,deepseek-v4-flash-0731,expgym,tuning,nasbench101,hpobench:nasbench101:B,cost_free,single,1,2204,0,True,True,scored_final_answer,completed_scored,task-abstention-v1,normal_loop_return,,False,False
357,job_4bf4667893396f7933fc7821a3de01f3fb53cb70956aeab807d9146b4fbc3cad,deepseek-v4-flash-0731,expgym,tuning,nasbench101,hpobench:nasbench101:C,cost_free,single,1,2204,0,True,True,scored_final_answer,completed_scored,task-abstention-v1,normal_loop_return,,False,False
358,job_5a5e9709f0ea93ff7c8b46aaa5916fac82fafa7cfe81a580512bc3ff360e76a6,deepseek-v4-flash-0731,expgym,tuning,nasbench201,hpobench:nasbench201:cifar10-valid,cost_free,single,1,2204,0,True,True,scored_final_answer,completed_scored,task-abstention-v1,normal_loop_return,,False,False
359,job_b39faedc7062fe5cfd500964ab951f0ed342acc2482bd680a0f5928b2c9098fe,deepseek-v4-flash-0731,expgym,tuning,nasbench201,hpobench:nasbench201:cifar100,cost_free,single,1,2204,0,True,True,scored_final_answer,completed_scored,task-abstention-v1,normal_loop_return,,False,False
360,job_888e4c66bd863d125424f35b7085a808c728c54e10261414b517f5cb3946b098,deepseek-v4-flash-0731,expgym,tuning,nasbench201,hpobench:nasbench201:imagenet16-120,cost_free,single,1,2204,0,True,True,scored_final_answer,completed_scored,task-abstention-v1,normal_loop_return,,False,False
361,job_ed7da084057a1551663a759f9d5801bb0dff47d68b35573ac8366076818e7981,deepseek-v4-flash-0731,expgym,tuning,nasbench101,hpobench:nasbench101:A,cost_moderate,single,1,2204,0,True,True,scored_final_answer,completed_scored,task-abstention-v1,normal_loop_return,,False,False
362,job_c021bc4afed63eaeb87af72cf281272b6a326b49fba1bd451e9f68ec864ad236,deepseek-v4-flash-0731,expgym,tuning,nasbench101,hpobench:nasbench101:B,cost_moderate,single,1,2204,0,True,True,scored_final_answer,completed_scored,task-abstention-v1,normal_loop_return,,False,False
363,job_72ede51606fe13481446cc581a76747cc2f07e2c94dd3b494dcdebc7610af002,deepseek-v4-flash-0731,expgym,tuning,nasbench101,hpobench:nasbench101:C,cost_moderate,single,1,2204,0,True,True,scored_final_answer,completed_scored,task-abstention-v1,normal_loop_return,,False,False
364,job_6b10547378d77a04726e7bed7a123be4bbc4a2bb9ecea56ef34a02dd162f27da,deepseek-v4-flash-0731,expgym,tuning,nasbench201,hpobench:nasbench201:cifar10-valid,cost_moderate,single,1,2204,0,True,True,scored_final_answer,completed_scored,task-abstention-v1,normal_loop_return,,False,False
365,job_2401297152b73ae8cbd5a07ef4a4e05ed02f04adb5a94a47a3f601be750405f4,deepseek-v4-flash-0731,expgym,tuning,nasbench201,hpobench:nasbench201:cifar100,cost_moderate,single,1,2204,0,True,True,scored_final_answer,completed_scored,task-abstention-v1,normal_loop_return,,False,False
366,job_3a83c788d554173c35bb76ee4177be9b62eb057a133c2594ead02397f1f6aedf,deepseek-v4-flash-0731,expgym,tuning,nasbench201,hpobench:nasbench201:imagenet16-120,cost_moderate,single,1,2204,0,True,True,scored_final_answer,completed_scored,task-abstention-v1,normal_loop_return,,False,False
367,job_9cb608375968d0750d6653305ca49f3242684fb372dbccffdcaa947724270146,deepseek-v4-flash-0731,expgym,tuning,nasbench101,hpobench:nasbench101:A,cost_tight,single,1,2204,0,True,True,scored_final_answer,completed_scored,task-abstention-v1,normal_loop_return,,False,False
368,job_d5ed814c12c83c33667f8fb6688e6a2cedac21edf083c58b41e0904d659307ab,deepseek-v4-flash-0731,expgym,tuning,nasbench101,hpobench:nasbench101:B,cost_tight,single,1,2204,0,True,True,scored_final_answer,completed_scored,task-abstention-v1,normal_loop_return,,False,False
369,job_b3a4bf8ea5d6d20837d89a04b0631bc5e7001db571012db4dc84cd85a7e38d37,deepseek-v4-flash-0731,expgym,tuning,nasbench101,hpobench:nasbench101:C,cost_tight,single,1,2204,0,True,True,scored_final_answer,completed_scored,task-abstention-v1,normal_loop_return,,False,False
370,job_2332f75f65fc4986a05461cbc151b4968420d746765c72eb28b0fc02a49ca961,deepseek-v4-flash-0731,expgym,tuning,nasbench201,hpobench:nasbench201:cifar10-valid,cost_tight,single,1,2204,0,True,True,scored_final_answer,completed_scored,task-abstention-v1,normal_loop_return,,False,False
371,job_e228dca84682e49024218e2351426f20d7fbb733b10f77ff7eb3705fdc9cd013,deepseek-v4-flash-0731,expgym,tuning,nasbench201,hpobench:nasbench201:cifar100,cost_tight,single,1,2204,0,True,True,scored_final_answer,completed_scored,task-abstention-v1,normal_loop_return,,False,False
372,job_893d8359c3b7e7af65ccd4908a0963944c7c543f7caded8c495f7098cfefc2db,deepseek-v4-flash-0731,expgym,tuning,nasbench201,hpobench:nasbench201:imagenet16-120,cost_tight,single,1,2204,0,True,True,scored_final_answer,completed_scored,task-abstention-v1,normal_loop_return,,False,False
373,job_8e759c39518933ead644cea62844b3a9a52d7dcfb91ec43a4de183b57b1ee786,deepseek-v4-flash-0731,expgym,tuning,nasbench101,hpobench:nasbench101:A,cost_free,single,1,2208,0,True,False,unscorable_missing_configuration,model_no_answer,task-abstention-v1,normal_loop_return,,True,True
374,job_b62578e1a534af7cd3002e7d94960e7452b1e4679851d007d3a459e853c0549f,deepseek-v4-flash-0731,expgym,tuning,nasbench101,hpobench:nasbench101:B,cost_free,single,1,2208,0,True,True,scored_final_answer,completed_scored,task-abstention-v1,normal_loop_return,,False,False
375,job_77dac9d3201dcb63c8993175b9ad137755dad2bdc69abee5c78e2b5f67de817e,deepseek-v4-flash-0731,expgym,tuning,nasbench101,hpobench:nasbench101:C,cost_free,single,1,2208,0,True,False,unscorable_missing_configuration,model_no_answer,task-abstention-v1,normal_loop_return,,True,True
376,job_87907dd4e6ebea9b5f77f8216a8690e641bf9ece1bec0f2dcf0497d21b42af75,deepseek-v4-flash-0731,expgym,tuning,nasbench201,hpobench:nasbench201:cifar10-valid,cost_free,single,1,2208,0,True,False,unscorable_missing_configuration,model_no_answer,task-abstention-v1,normal_loop_return,,True,True
377,job_9bfc11ca35acca63382d2759b11e69a7f770562e50f8c95f79270b2290c82816,deepseek-v4-flash-0731,expgym,tuning,nasbench201,hpobench:nasbench201:cifar100,cost_free,single,1,2208,0,True,True,scored_final_answer,completed_scored,task-abstention-v1,normal_loop_return,,False,False
378,job_2026163f506a3fcb6c339b0868e041e36251c50ec4623ce768d94b89341ec376,deepseek-v4-flash-0731,expgym,tuning,nasbench201,hpobench:nasbench201:imagenet16-120,cost_free,single,1,2208,0,True,True,scored_final_answer,completed_scored,task-abstention-v1,normal_loop_return,,False,False
379,job_6c6bc98add8a6dbcf8780aacf0d2baaae2a61321c3ed6b8a877cdf39cc45ebc1,deepseek-v4-flash-0731,expgym,tuning,nasbench101,hpobench:nasbench101:A,cost_moderate,single,1,2208,0,True,True,scored_final_answer,completed_scored,task-abstention-v1,normal_loop_return,,False,False
380,job_744d4a9f45bff436e749578c198c96ded367924802c0485de974261b605b9f8c,deepseek-v4-flash-0731,expgym,tuning,nasbench101,hpobench:nasbench101:B,cost_moderate,single,1,2208,0,True,True,scored_final_answer,completed_scored,task-abstention-v1,normal_loop_return,,False,False
381,job_bc1c658686caf09008b355f897a12923ef7bb19cf3a55f2bfc2be234a54c2688,deepseek-v4-flash-0731,expgym,tuning,nasbench101,hpobench:nasbench101:C,cost_moderate,single,1,2208,0,True,True,scored_final_answer,completed_scored,task-abstention-v1,normal_loop_return,,False,False
382,job_52fa437debeb4f9ec9f0c7917c4ad76efef25894ad43a7175481ac97a728364f,deepseek-v4-flash-0731,expgym,tuning,nasbench201,hpobench:nasbench201:cifar10-valid,cost_moderate,single,1,2208,0,True,True,scored_final_answer,completed_scored,task-abstention-v1,normal_loop_return,,False,False
383,job_9b69c9c9986f2dc43d0e27929e830affda28831d987a5f465bf66062d1936fed,deepseek-v4-flash-0731,expgym,tuning,nasbench201,hpobench:nasbench201:cifar100,cost_moderate,single,1,2208,0,True,True,scored_final_answer,completed_scored,task-abstention-v1,normal_loop_return,,False,False
384,job_818105300c5626154d9942713a15f30d6f76bdd280c6736c82d24379470fc7f9,deepseek-v4-flash-0731,expgym,tuning,nasbench201,hpobench:nasbench201:imagenet16-120,cost_moderate,single,1,2208,0,True,False,unscorable_missing_configuration,model_no_answer,task-abstention-v1,normal_loop_return,,True,True
385,job_7ffef7c7136569f8e056919cb2e2ed45575a76ead9eb4818a713bbcd98a7c508,deepseek-v4-flash-0731,expgym,tuning,nasbench101,hpobench:nasbench101:A,cost_tight,single,1,2208,0,True,True,scored_final_answer,completed_scored,task-abstention-v1,normal_loop_return,,False,False
386,job_98c591998cf7b88df38ae4bf583ffbe346e97602bf33273b6345d07311968c07,deepseek-v4-flash-0731,expgym,tuning,nasbench101,hpobench:nasbench101:B,cost_tight,single,1,2208,0,True,True,scored_final_answer,completed_scored,task-abstention-v1,normal_loop_return,,False,False
387,job_7b001fc6a9b9d80fbc597b97dcca14fcf73ee9094e690a0394b30697b27cf683,deepseek-v4-flash-0731,expgym,tuning,nasbench101,hpobench:nasbench101:C,cost_tight,single,1,2208,0,True,True,scored_final_answer,completed_scored,task-abstention-v1,normal_loop_return,,False,False
388,job_325c5f920684cb7094b0316847ecbc24b937db6bc06a4c5ba44819d44bb5f960,deepseek-v4-flash-0731,expgym,tuning,nasbench201,hpobench:nasbench201:cifar10-valid,cost_tight,single,1,2208,0,True,True,scored_final_answer,completed_scored,task-abstention-v1,normal_loop_return,,False,False
389,job_4d14a73225cb7f4af108b2cd61a8779f39b50a5f3d90cd236056ee92629a188c,deepseek-v4-flash-0731,expgym,tuning,nasbench201,hpobench:nasbench201:cifar100,cost_tight,single,1,2208,0,True,True,scored_final_answer,completed_scored,task-abstention-v1,normal_loop_return,,False,False
390,job_9afd93c44446ef66402f2761cae9d805518d4ad719f7f2423fa5467aa47ff51e,deepseek-v4-flash-0731,expgym,tuning,nasbench201,hpobench:nasbench201:imagenet16-120,cost_tight,single,1,2208,0,True,True,scored_final_answer,completed_scored,task-abstention-v1,normal_loop_return,,False,False
391,job_de0a4d658b46de7abac0163b7e7402f9032b14c7be003431279e99029332695a,deepseek-v4-flash-0731,expgym,tuning,paramnet,hpobench:paramnet:adult:steps,cost_free,single,1,2200,0,True,True,scored_final_answer,completed_scored,task-abstention-v1,normal_loop_return,,False,False
392,job_45ab8f8a00ce37e1afa3b2dddcc6200536f648de6368b68d0e5f05dd29584628,deepseek-v4-flash-0731,expgym,tuning,paramnet,hpobench:paramnet:higgs:steps,cost_free,single,1,2200,0,True,True,scored_final_answer,completed_scored,task-abstention-v1,normal_loop_return,,False,False
393,job_50baffd390b25117d80db6711bca908a648c85fd1a12111d9d6b3d5b19172006,deepseek-v4-flash-0731,expgym,tuning,paramnet,hpobench:paramnet:letter:steps,cost_free,single,1,2200,0,True,False,unscorable_missing_configuration,model_no_answer,task-abstention-v1,normal_loop_return,,True,True
394,job_166f06c5c465fc61dc3d0ac53cd4caa39c075dd4a0838b5a501ef9350ce977b6,deepseek-v4-flash-0731,expgym,tuning,paramnet,hpobench:paramnet:adult:steps,cost_moderate,single,1,2200,0,True,True,scored_final_answer,completed_scored,task-abstention-v1,normal_loop_return,,False,False
395,job_5388181a3db3b065b540e022d74765859beb65fcf2f2440225a75be9bcc54a93,deepseek-v4-flash-0731,expgym,tuning,paramnet,hpobench:paramnet:higgs:steps,cost_moderate,single,1,2200,0,True,True,scored_final_answer,completed_scored,task-abstention-v1,normal_loop_return,,False,False
396,job_5f247f436899c24156e5101a8b119ab0be433d0f7f244d5c681f3e0c97e21a95,deepseek-v4-flash-0731,expgym,tuning,paramnet,hpobench:paramnet:letter:steps,cost_moderate,single,1,2200,0,True,True,scored_final_answer,completed_scored,task-abstention-v1,normal_loop_return,,False,False
397,job_b3a679348793887c741def971c3a94e5168e6c3f005de0c232e9d26e54c72930,deepseek-v4-flash-0731,expgym,tuning,paramnet,hpobench:paramnet:adult:steps,cost_tight,single,1,2200,0,True,True,scored_final_answer,completed_scored,task-abstention-v1,normal_loop_return,,False,False
398,job_5579178357e73a97011f86d2a731b95cdeede5c5dd52680cf9629c9ba2a122dc,deepseek-v4-flash-0731,expgym,tuning,paramnet,hpobench:paramnet:higgs:steps,cost_tight,single,1,2200,0,True,True,scored_final_answer,completed_scored,task-abstention-v1,normal_loop_return,,False,False
399,job_7804de3a760b38e0025be25d45c6e6fae773d5c7bac975e1a0624d8420614612,deepseek-v4-flash-0731,expgym,tuning,paramnet,hpobench:paramnet:letter:steps,cost_tight,single,1,2200,0,True,True,scored_final_answer,completed_scored,task-abstention-v1,normal_loop_return,,False,False
400,job_7482acf9cef53882aac400879463d92aff245751253683154fe424d109e7bc21,deepseek-v4-flash-0731,expgym,tuning,paramnet,hpobench:paramnet:adult:steps,cost_free,single,1,2204,0,True,True,scored_final_answer,completed_scored,task-abstention-v1,normal_loop_return,,False,False
401,job_597787beba86cea6f6388be48ef5dbd3f31fdc5cbf04fd240c21a6971ed1e480,deepseek-v4-flash-0731,expgym,tuning,paramnet,hpobench:paramnet:higgs:steps,cost_free,single,1,2204,0,True,False,unscorable_missing_configuration,model_no_answer,task-abstention-v1,normal_loop_return,,True,True
402,job_153de1b7a4255017e0229c12b0c54a23fd8ca48dc44d278c35eb18db8baa7981,deepseek-v4-flash-0731,expgym,tuning,paramnet,hpobench:paramnet:letter:steps,cost_free,single,1,2204,0,True,False,unscorable_missing_configuration,model_no_answer,task-abstention-v1,normal_loop_return,,True,True
403,job_a6a8b293a205113d75861f08a2ab97096b900df621e68533f70411131efdbed8,deepseek-v4-flash-0731,expgym,tuning,paramnet,hpobench:paramnet:adult:steps,cost_moderate,single,1,2204,0,True,True,scored_final_answer,completed_scored,task-abstention-v1,normal_loop_return,,False,False
404,job_ac0d3ce26eb3b2abb6e87bb75dcd2e4caea0c8c57c85a0868f90e3f0bc14f7c2,deepseek-v4-flash-0731,expgym,tuning,paramnet,hpobench:paramnet:higgs:steps,cost_moderate,single,1,2204,0,True,True,scored_final_answer,completed_scored,task-abstention-v1,normal_loop_return,,False,False
405,job_a2160a2e51df2f137aa5139b8a2cce27f8a0674bcc66ad65dbea800a30a06aea,deepseek-v4-flash-0731,expgym,tuning,paramnet,hpobench:paramnet:letter:steps,cost_moderate,single,1,2204,0,True,False,unscorable_missing_configuration,model_no_answer,task-abstention-v1,normal_loop_return,,True,True
406,job_5445fb53597c51981e4e41379ba06e7427617efc923643811f5df53ccc71079d,deepseek-v4-flash-0731,expgym,tuning,paramnet,hpobench:paramnet:adult:steps,cost_tight,single,1,2204,0,True,True,scored_final_answer,completed_scored,task-abstention-v1,normal_loop_return,,False,False
407,job_5a38ee86b73c35efa11ee0e3d0b8f10bf3741cbe6f03374213526a07064a354d,deepseek-v4-flash-0731,expgym,tuning,paramnet,hpobench:paramnet:higgs:steps,cost_tight,single,1,2204,0,True,True,scored_final_answer,completed_scored,task-abstention-v1,normal_loop_return,,False,False
408,job_72f7b3fd7e63fb0a9fbd8bdcc905b433c78129e9f0a2a444decc80d6a704971a,deepseek-v4-flash-0731,expgym,tuning,paramnet,hpobench:paramnet:letter:steps,cost_tight,single,1,2204,0,True,True,scored_final_answer,completed_scored,task-abstention-v1,normal_loop_return,,False,False
409,job_7a6a49c55e98094eec9f3ef1e615f2d30d7353b23c2bcacc72ddd21d2c381386,deepseek-v4-flash-0731,expgym,tuning,paramnet,hpobench:paramnet:adult:steps,cost_free,single,1,2208,0,True,False,unscorable_missing_configuration,model_no_answer,task-abstention-v1,normal_loop_return,,True,True
410,job_4cf2ec828974ad1e6a3677b057592a289e6d6fa5bc44c5f689330872422f8a39,deepseek-v4-flash-0731,expgym,tuning,paramnet,hpobench:paramnet:higgs:steps,cost_free,single,1,2208,0,True,True,scored_final_answer,completed_scored,task-abstention-v1,normal_loop_return,,False,False
411,job_7d3cf47f879d9963b20f484fdf7633e8e9c3f93d962343cb25b7fcaa2f916797,deepseek-v4-flash-0731,expgym,tuning,paramnet,hpobench:paramnet:letter:steps,cost_free,single,1,2208,0,True,True,scored_final_answer,completed_scored,task-abstention-v1,normal_loop_return,,False,False
412,job_4befb7841c39c253d9b506d3d8076fa263dceaecc7a325c7a62078a3efa6d0ea,deepseek-v4-flash-0731,expgym,tuning,paramnet,hpobench:paramnet:adult:steps,cost_moderate,single,1,2208,0,True,True,scored_final_answer,completed_scored,task-abstention-v1,normal_loop_return,,False,False
413,job_1f405ffa396d82e44a2e5590e40604088b7dc2ea73000778c18ad2eb7737be54,deepseek-v4-flash-0731,expgym,tuning,paramnet,hpobench:paramnet:higgs:steps,cost_moderate,single,1,2208,0,True,True,scored_final_answer,completed_scored,task-abstention-v1,normal_loop_return,,False,False
414,job_d046553fe7606f5a5ba7d07731351abc4ca779c98acd7c24d9c7f5f800acf02a,deepseek-v4-flash-0731,expgym,tuning,paramnet,hpobench:paramnet:letter:steps,cost_moderate,single,1,2208,0,True,True,scored_final_answer,completed_scored,task-abstention-v1,normal_loop_return,,False,False
415,job_93f905f18aab3c98fe4ee48769f083b7e0d1cfd7fdd941b68cdaf1e72e1b4a0c,deepseek-v4-flash-0731,expgym,tuning,paramnet,hpobench:paramnet:adult:steps,cost_tight,single,1,2208,0,True,False,unscorable_missing_configuration,model_no_answer,task-abstention-v1,normal_loop_return,,True,True
416,job_ac22262767c9965308523f0a01bf72617fc07575d7c5a0e222522e7d7de20d4e,deepseek-v4-flash-0731,expgym,tuning,paramnet,hpobench:paramnet:higgs:steps,cost_tight,single,1,2208,0,True,False,unscorable_missing_configuration,model_no_answer,task-abstention-v1,normal_loop_return,,True,True
417,job_e10498ce371a0f4556f887f6c20b4eb6132da590a004af36d90fadb6a50c7957,deepseek-v4-flash-0731,expgym,tuning,paramnet,hpobench:paramnet:letter:steps,cost_tight,single,1,2208,0,True,True,scored_final_answer,completed_scored,task-abstention-v1,normal_loop_return,,False,False
1198,job_dab4fd08b3f61d167c2faa70917022ea4e4ca2ed464f75b32393b3385eedf64c,deepseek-v4-flash-0731,poolact,tuning,nasbench101,hpobench:nasbench101:A,cost_moderate,naive,4,2200,0,True,True,scored_final_answer,completed_scored,task-abstention-v1,normal_loop_return,,False,False
1199,job_dab4fd08b3f61d167c2faa70917022ea4e4ca2ed464f75b32393b3385eedf64c,deepseek-v4-flash-0731,poolact,tuning,nasbench101,hpobench:nasbench101:A,cost_moderate,naive,4,2200,1,True,True,scored_final_answer,completed_scored,task-abstention-v1,normal_loop_return,,False,False
1200,job_dab4fd08b3f61d167c2faa70917022ea4e4ca2ed464f75b32393b3385eedf64c,deepseek-v4-flash-0731,poolact,tuning,nasbench101,hpobench:nasbench101:A,cost_moderate,naive,4,2200,2,True,True,scored_final_answer,completed_scored,task-abstention-v1,normal_loop_return,,False,False
1201,job_dab4fd08b3f61d167c2faa70917022ea4e4ca2ed464f75b32393b3385eedf64c,deepseek-v4-flash-0731,poolact,tuning,nasbench101,hpobench:nasbench101:A,cost_moderate,naive,4,2200,3,True,True,scored_final_answer,completed_scored,task-abstention-v1,normal_loop_return,,False,False
1202,job_56b0cb2776eaad0223a957e188069f0c654c1c929b89fa234618a6b7e55a9aab,deepseek-v4-flash-0731,poolact,tuning,nasbench101,hpobench:nasbench101:A,cost_moderate,cached,4,2200,0,True,True,scored_final_answer,completed_scored,task-abstention-v1,normal_loop_return,,False,False
1203,job_56b0cb2776eaad0223a957e188069f0c654c1c929b89fa234618a6b7e55a9aab,deepseek-v4-flash-0731,poolact,tuning,nasbench101,hpobench:nasbench101:A,cost_moderate,cached,4,2200,1,True,True,scored_final_answer,completed_scored,task-abstention-v1,normal_loop_return,,False,False
1204,job_56b0cb2776eaad0223a957e188069f0c654c1c929b89fa234618a6b7e55a9aab,deepseek-v4-flash-0731,poolact,tuning,nasbench101,hpobench:nasbench101:A,cost_moderate,cached,4,2200,2,True,True,scored_final_answer,completed_scored,task-abstention-v1,normal_loop_return,,False,False
1205,job_56b0cb2776eaad0223a957e188069f0c654c1c929b89fa234618a6b7e55a9aab,deepseek-v4-flash-0731,poolact,tuning,nasbench101,hpobench:nasbench101:A,cost_moderate,cached,4,2200,3,True,True,scored_final_answer,completed_scored,task-abstention-v1,normal_loop_return,,False,False
1206,job_2d84ccef17f8ed075bd19ff9a8656b71104c1a56f311141d9d871ba798125df0,deepseek-v4-flash-0731,poolact,tuning,nasbench101,hpobench:nasbench101:A,cost_moderate,poolact,4,2200,0,True,True,scored_final_answer,completed_scored,task-abstention-v1,normal_loop_return,,False,False
1207,job_2d84ccef17f8ed075bd19ff9a8656b71104c1a56f311141d9d871ba798125df0,deepseek-v4-flash-0731,poolact,tuning,nasbench101,hpobench:nasbench101:A,cost_moderate,poolact,4,2200,1,True,True,scored_final_answer,completed_scored,task-abstention-v1,normal_loop_return,,False,False
1208,job_2d84ccef17f8ed075bd19ff9a8656b71104c1a56f311141d9d871ba798125df0,deepseek-v4-flash-0731,poolact,tuning,nasbench101,hpobench:nasbench101:A,cost_moderate,poolact,4,2200,2,True,True,scored_final_answer,completed_scored,task-abstention-v1,normal_loop_return,,False,False
1209,job_2d84ccef17f8ed075bd19ff9a8656b71104c1a56f311141d9d871ba798125df0,deepseek-v4-flash-0731,poolact,tuning,nasbench101,hpobench:nasbench101:A,cost_moderate,poolact,4,2200,3,True,False,unscorable_missing_configuration,model_no_answer,task-abstention-v1,normal_loop_return,,True,True
1210,job_451377e256816a7da34fa9473d084f3bcf2cad0dc22d7ae7595aad9d2922819f,deepseek-v4-flash-0731,poolact,tuning,nasbench101,hpobench:nasbench101:B,cost_moderate,naive,4,2200,0,True,True,scored_final_answer,completed_scored,task-abstention-v1,normal_loop_return,,False,False
1211,job_451377e256816a7da34fa9473d084f3bcf2cad0dc22d7ae7595aad9d2922819f,deepseek-v4-flash-0731,poolact,tuning,nasbench101,hpobench:nasbench101:B,cost_moderate,naive,4,2200,1,True,False,unscorable_missing_configuration,model_no_answer,task-abstention-v1,normal_loop_return,,True,True
1212,job_451377e256816a7da34fa9473d084f3bcf2cad0dc22d7ae7595aad9d2922819f,deepseek-v4-flash-0731,poolact,tuning,nasbench101,hpobench:nasbench101:B,cost_moderate,naive,4,2200,2,True,False,unscorable_missing_configuration,model_no_answer,task-abstention-v1,normal_loop_return,,True,True
1213,job_451377e256816a7da34fa9473d084f3bcf2cad0dc22d7ae7595aad9d2922819f,deepseek-v4-flash-0731,poolact,tuning,nasbench101,hpobench:nasbench101:B,cost_moderate,naive,4,2200,3,True,False,unscorable_missing_configuration,model_no_answer,task-abstention-v1,normal_loop_return,,True,True
1214,job_552c0fb186eee15fc9756872ed8a684113f3a06a043de47d0dba6266fcc4237c,deepseek-v4-flash-0731,poolact,tuning,nasbench101,hpobench:nasbench101:B,cost_moderate,cached,4,2200,0,True,False,unscorable_missing_configuration,model_no_answer,task-abstention-v1,normal_loop_return,,True,True
1215,job_552c0fb186eee15fc9756872ed8a684113f3a06a043de47d0dba6266fcc4237c,deepseek-v4-flash-0731,poolact,tuning,nasbench101,hpobench:nasbench101:B,cost_moderate,cached,4,2200,1,True,True,scored_final_answer,completed_scored,task-abstention-v1,normal_loop_return,,False,False
1216,job_552c0fb186eee15fc9756872ed8a684113f3a06a043de47d0dba6266fcc4237c,deepseek-v4-flash-0731,poolact,tuning,nasbench101,hpobench:nasbench101:B,cost_moderate,cached,4,2200,2,True,False,unscorable_missing_configuration,model_no_answer,task-abstention-v1,normal_loop_return,,True,True
1217,job_552c0fb186eee15fc9756872ed8a684113f3a06a043de47d0dba6266fcc4237c,deepseek-v4-flash-0731,poolact,tuning,nasbench101,hpobench:nasbench101:B,cost_moderate,cached,4,2200,3,True,True,scored_final_answer,completed_scored,task-abstention-v1,normal_loop_return,,False,False
1218,job_d6d6e96841c9390c0a46717a267cd55a824685e7c701dd45fcc4504cf2207c57,deepseek-v4-flash-0731,poolact,tuning,nasbench101,hpobench:nasbench101:B,cost_moderate,poolact,4,2200,0,True,False,unscorable_missing_configuration,model_no_answer,task-abstention-v1,normal_loop_return,,True,True
1219,job_d6d6e96841c9390c0a46717a267cd55a824685e7c701dd45fcc4504cf2207c57,deepseek-v4-flash-0731,poolact,tuning,nasbench101,hpobench:nasbench101:B,cost_moderate,poolact,4,2200,1,True,True,scored_final_answer,completed_scored,task-abstention-v1,normal_loop_return,,False,False
1220,job_d6d6e96841c9390c0a46717a267cd55a824685e7c701dd45fcc4504cf2207c57,deepseek-v4-flash-0731,poolact,tuning,nasbench101,hpobench:nasbench101:B,cost_moderate,poolact,4,2200,2,True,False,unscorable_missing_configuration,model_no_answer,task-abstention-v1,normal_loop_return,,True,True
1221,job_d6d6e96841c9390c0a46717a267cd55a824685e7c701dd45fcc4504cf2207c57,deepseek-v4-flash-0731,poolact,tuning,nasbench101,hpobench:nasbench101:B,cost_moderate,poolact,4,2200,3,True,False,unscorable_missing_configuration,model_no_answer,task-abstention-v1,normal_loop_return,,True,True
1222,job_5551c8f30ba2f6aa7ddfaa223e13e470739938d251ccf7c59076cdee509699c1,deepseek-v4-flash-0731,poolact,tuning,nasbench101,hpobench:nasbench101:C,cost_moderate,naive,4,2200,0,True,False,unscorable_missing_configuration,model_no_answer,task-abstention-v1,normal_loop_return,,True,True
1223,job_5551c8f30ba2f6aa7ddfaa223e13e470739938d251ccf7c59076cdee509699c1,deepseek-v4-flash-0731,poolact,tuning,nasbench101,hpobench:nasbench101:C,cost_moderate,naive,4,2200,1,True,True,scored_final_answer,completed_scored,task-abstention-v1,normal_loop_return,,False,False
1224,job_5551c8f30ba2f6aa7ddfaa223e13e470739938d251ccf7c59076cdee509699c1,deepseek-v4-flash-0731,poolact,tuning,nasbench101,hpobench:nasbench101:C,cost_moderate,naive,4,2200,2,True,True,scored_final_answer,completed_scored,task-abstention-v1,normal_loop_return,,False,False
1225,job_5551c8f30ba2f6aa7ddfaa223e13e470739938d251ccf7c59076cdee509699c1,deepseek-v4-flash-0731,poolact,tuning,nasbench101,hpobench:nasbench101:C,cost_moderate,naive,4,2200,3,True,False,unscorable_missing_configuration,model_no_answer,task-abstention-v1,normal_loop_return,,True,True
1226,job_2695169c63ac64a133aa455581f913e21d507a5d7d4d41b69740e981b9bfd9dd,deepseek-v4-flash-0731,poolact,tuning,nasbench101,hpobench:nasbench101:C,cost_moderate,cached,4,2200,0,True,False,unscorable_missing_configuration,model_no_answer,task-abstention-v1,normal_loop_return,,True,True
1227,job_2695169c63ac64a133aa455581f913e21d507a5d7d4d41b69740e981b9bfd9dd,deepseek-v4-flash-0731,poolact,tuning,nasbench101,hpobench:nasbench101:C,cost_moderate,cached,4,2200,1,True,True,scored_final_answer,completed_scored,task-abstention-v1,normal_loop_return,,False,False
1228,job_2695169c63ac64a133aa455581f913e21d507a5d7d4d41b69740e981b9bfd9dd,deepseek-v4-flash-0731,poolact,tuning,nasbench101,hpobench:nasbench101:C,cost_moderate,cached,4,2200,2,True,False,unscorable_missing_configuration,model_no_answer,task-abstention-v1,normal_loop_return,,True,True
1229,job_2695169c63ac64a133aa455581f913e21d507a5d7d4d41b69740e981b9bfd9dd,deepseek-v4-flash-0731,poolact,tuning,nasbench101,hpobench:nasbench101:C,cost_moderate,cached,4,2200,3,True,True,scored_final_answer,completed_scored,task-abstention-v1,normal_loop_return,,False,False
1230,job_3860e116c2d99c1cb02203df0623e9aae2e0c744f67b77c555b5a8a91d435667,deepseek-v4-flash-0731,poolact,tuning,nasbench101,hpobench:nasbench101:C,cost_moderate,poolact,4,2200,0,True,False,unscorable_missing_configuration,model_no_answer,task-abstention-v1,normal_loop_return,,True,True
1231,job_3860e116c2d99c1cb02203df0623e9aae2e0c744f67b77c555b5a8a91d435667,deepseek-v4-flash-0731,poolact,tuning,nasbench101,hpobench:nasbench101:C,cost_moderate,poolact,4,2200,1,True,False,unscorable_missing_configuration,model_no_answer,task-abstention-v1,normal_loop_return,,True,True
1232,job_3860e116c2d99c1cb02203df0623e9aae2e0c744f67b77c555b5a8a91d435667,deepseek-v4-flash-0731,poolact,tuning,nasbench101,hpobench:nasbench101:C,cost_moderate,poolact,4,2200,2,True,False,unscorable_missing_configuration,model_no_answer,task-abstention-v1,normal_loop_return,,True,True
1233,job_3860e116c2d99c1cb02203df0623e9aae2e0c744f67b77c555b5a8a91d435667,deepseek-v4-flash-0731,poolact,tuning,nasbench101,hpobench:nasbench101:C,cost_moderate,poolact,4,2200,3,True,False,unscorable_missing_configuration,model_no_answer,task-abstention-v1,normal_loop_return,,True,True
1234,job_b03a4e906f4b60b819d8a3ad27ddd4479eb9d9236b62a4002fa670191f13336e,deepseek-v4-flash-0731,poolact,tuning,nasbench101,hpobench:nasbench101:A,cost_moderate,naive,4,2204,0,True,False,unscorable_missing_configuration,model_no_answer,task-abstention-v1,normal_loop_return,,True,True
1235,job_b03a4e906f4b60b819d8a3ad27ddd4479eb9d9236b62a4002fa670191f13336e,deepseek-v4-flash-0731,poolact,tuning,nasbench101,hpobench:nasbench101:A,cost_moderate,naive,4,2204,1,True,False,unscorable_missing_configuration,model_no_answer,task-abstention-v1,normal_loop_return,,True,True
1236,job_b03a4e906f4b60b819d8a3ad27ddd4479eb9d9236b62a4002fa670191f13336e,deepseek-v4-flash-0731,poolact,tuning,nasbench101,hpobench:nasbench101:A,cost_moderate,naive,4,2204,2,True,False,unscorable_missing_configuration,model_no_answer,task-abstention-v1,normal_loop_return,,True,True
1237,job_b03a4e906f4b60b819d8a3ad27ddd4479eb9d9236b62a4002fa670191f13336e,deepseek-v4-flash-0731,poolact,tuning,nasbench101,hpobench:nasbench101:A,cost_moderate,naive,4,2204,3,True,True,scored_final_answer,completed_scored,task-abstention-v1,normal_loop_return,,False,False
1238,job_b9f8ac3c4fa48c9c5d3daabf3ee1625f4244fdefd6e6f377a5702614ace7d5bc,deepseek-v4-flash-0731,poolact,tuning,nasbench101,hpobench:nasbench101:A,cost_moderate,cached,4,2204,0,True,True,scored_final_answer,completed_scored,task-abstention-v1,normal_loop_return,,False,False
1239,job_b9f8ac3c4fa48c9c5d3daabf3ee1625f4244fdefd6e6f377a5702614ace7d5bc,deepseek-v4-flash-0731,poolact,tuning,nasbench101,hpobench:nasbench101:A,cost_moderate,cached,4,2204,1,True,False,unscorable_missing_configuration,model_no_answer,task-abstention-v1,normal_loop_return,,True,True
1240,job_b9f8ac3c4fa48c9c5d3daabf3ee1625f4244fdefd6e6f377a5702614ace7d5bc,deepseek-v4-flash-0731,poolact,tuning,nasbench101,hpobench:nasbench101:A,cost_moderate,cached,4,2204,2,True,True,scored_final_answer,completed_scored,task-abstention-v1,normal_loop_return,,False,False
1241,job_b9f8ac3c4fa48c9c5d3daabf3ee1625f4244fdefd6e6f377a5702614ace7d5bc,deepseek-v4-flash-0731,poolact,tuning,nasbench101,hpobench:nasbench101:A,cost_moderate,cached,4,2204,3,True,True,scored_final_answer,completed_scored,task-abstention-v1,normal_loop_return,,False,False
1242,job_0ec06b1719d7ea5d527043a40ae082bcaa40e1f9e097fef9f4438f869ccd1eb0,deepseek-v4-flash-0731,poolact,tuning,nasbench101,hpobench:nasbench101:A,cost_moderate,poolact,4,2204,0,True,True,scored_final_answer,completed_scored,task-abstention-v1,normal_loop_return,,False,False
1243,job_0ec06b1719d7ea5d527043a40ae082bcaa40e1f9e097fef9f4438f869ccd1eb0,deepseek-v4-flash-0731,poolact,tuning,nasbench101,hpobench:nasbench101:A,cost_moderate,poolact,4,2204,1,True,True,scored_final_answer,completed_scored,task-abstention-v1,normal_loop_return,,False,False
1244,job_0ec06b1719d7ea5d527043a40ae082bcaa40e1f9e097fef9f4438f869ccd1eb0,deepseek-v4-flash-0731,poolact,tuning,nasbench101,hpobench:nasbench101:A,cost_moderate,poolact,4,2204,2,True,True,scored_final_answer,completed_scored,task-abstention-v1,normal_loop_return,,False,False
1245,job_0ec06b1719d7ea5d527043a40ae082bcaa40e1f9e097fef9f4438f869ccd1eb0,deepseek-v4-flash-0731,poolact,tuning,nasbench101,hpobench:nasbench101:A,cost_moderate,poolact,4,2204,3,True,True,scored_final_answer,completed_scored,task-abstention-v1,normal_loop_return,,False,False
1246,job_da59912ff6042650e5dc898daf497472435b55b042c9fac998a63d75e04f5486,deepseek-v4-flash-0731,poolact,tuning,nasbench101,hpobench:nasbench101:B,cost_moderate,naive,4,2204,0,True,True,scored_final_answer,completed_scored,task-abstention-v1,normal_loop_return,,False,False
1247,job_da59912ff6042650e5dc898daf497472435b55b042c9fac998a63d75e04f5486,deepseek-v4-flash-0731,poolact,tuning,nasbench101,hpobench:nasbench101:B,cost_moderate,naive,4,2204,1,True,False,unscorable_missing_configuration,model_no_answer,task-abstention-v1,normal_loop_return,,True,True
1248,job_da59912ff6042650e5dc898daf497472435b55b042c9fac998a63d75e04f5486,deepseek-v4-flash-0731,poolact,tuning,nasbench101,hpobench:nasbench101:B,cost_moderate,naive,4,2204,2,True,True,scored_final_answer,completed_scored,task-abstention-v1,normal_loop_return,,False,False
1249,job_da59912ff6042650e5dc898daf497472435b55b042c9fac998a63d75e04f5486,deepseek-v4-flash-0731,poolact,tuning,nasbench101,hpobench:nasbench101:B,cost_moderate,naive,4,2204,3,True,True,scored_final_answer,completed_scored,task-abstention-v1,normal_loop_return,,False,False
1250,job_1e519612f99b36a0dc297727532c07575a85920be440315155a1ae1b04be6e62,deepseek-v4-flash-0731,poolact,tuning,nasbench101,hpobench:nasbench101:B,cost_moderate,cached,4,2204,0,True,True,scored_final_answer,completed_scored,task-abstention-v1,normal_loop_return,,False,False
1251,job_1e519612f99b36a0dc297727532c07575a85920be440315155a1ae1b04be6e62,deepseek-v4-flash-0731,poolact,tuning,nasbench101,hpobench:nasbench101:B,cost_moderate,cached,4,2204,1,True,True,scored_final_answer,completed_scored,task-abstention-v1,normal_loop_return,,False,False
1252,job_1e519612f99b36a0dc297727532c07575a85920be440315155a1ae1b04be6e62,deepseek-v4-flash-0731,poolact,tuning,nasbench101,hpobench:nasbench101:B,cost_moderate,cached,4,2204,2,True,False,unscorable_missing_configuration,model_no_answer,task-abstention-v1,normal_loop_return,,True,True
1253,job_1e519612f99b36a0dc297727532c07575a85920be440315155a1ae1b04be6e62,deepseek-v4-flash-0731,poolact,tuning,nasbench101,hpobench:nasbench101:B,cost_moderate,cached,4,2204,3,True,True,scored_final_answer,completed_scored,task-abstention-v1,normal_loop_return,,False,False
1254,job_2321e0118efb3996b770ba31b2847f45fd2565b073d091befdb27b09e7ed9ff7,deepseek-v4-flash-0731,poolact,tuning,nasbench101,hpobench:nasbench101:B,cost_moderate,poolact,4,2204,0,True,True,scored_final_answer,completed_scored,task-abstention-v1,normal_loop_return,,False,False
1255,job_2321e0118efb3996b770ba31b2847f45fd2565b073d091befdb27b09e7ed9ff7,deepseek-v4-flash-0731,poolact,tuning,nasbench101,hpobench:nasbench101:B,cost_moderate,poolact,4,2204,1,True,True,scored_final_answer,completed_scored,task-abstention-v1,normal_loop_return,,False,False
1256,job_2321e0118efb3996b770ba31b2847f45fd2565b073d091befdb27b09e7ed9ff7,deepseek-v4-flash-0731,poolact,tuning,nasbench101,hpobench:nasbench101:B,cost_moderate,poolact,4,2204,2,True,False,unscorable_missing_configuration,model_no_answer,task-abstention-v1,normal_loop_return,,True,True
1257,job_2321e0118efb3996b770ba31b2847f45fd2565b073d091befdb27b09e7ed9ff7,deepseek-v4-flash-0731,poolact,tuning,nasbench101,hpobench:nasbench101:B,cost_moderate,poolact,4,2204,3,True,False,unscorable_missing_configuration,model_no_answer,task-abstention-v1,normal_loop_return,,True,True
1258,job_5a317f5f1a6d694c6610ad6062e1e253b2099e28176202519492d15170c05866,deepseek-v4-flash-0731,poolact,tuning,nasbench101,hpobench:nasbench101:C,cost_moderate,naive,4,2204,0,True,True,scored_final_answer,completed_scored,task-abstention-v1,normal_loop_return,,False,False
1259,job_5a317f5f1a6d694c6610ad6062e1e253b2099e28176202519492d15170c05866,deepseek-v4-flash-0731,poolact,tuning,nasbench101,hpobench:nasbench101:C,cost_moderate,naive,4,2204,1,True,True,scored_final_answer,completed_scored,task-abstention-v1,normal_loop_return,,False,False
1260,job_5a317f5f1a6d694c6610ad6062e1e253b2099e28176202519492d15170c05866,deepseek-v4-flash-0731,poolact,tuning,nasbench101,hpobench:nasbench101:C,cost_moderate,naive,4,2204,2,True,False,unscorable_missing_configuration,model_no_answer,task-abstention-v1,normal_loop_return,,True,True
1261,job_5a317f5f1a6d694c6610ad6062e1e253b2099e28176202519492d15170c05866,deepseek-v4-flash-0731,poolact,tuning,nasbench101,hpobench:nasbench101:C,cost_moderate,naive,4,2204,3,True,True,scored_final_answer,completed_scored,task-abstention-v1,normal_loop_return,,False,False
1262,job_2d25fbac97bc0dcf467f4b1f55ebd4b746260a25ad20df6abe81c017b52f0ef6,deepseek-v4-flash-0731,poolact,tuning,nasbench101,hpobench:nasbench101:C,cost_moderate,cached,4,2204,0,True,True,scored_final_answer,completed_scored,task-abstention-v1,normal_loop_return,,False,False
1263,job_2d25fbac97bc0dcf467f4b1f55ebd4b746260a25ad20df6abe81c017b52f0ef6,deepseek-v4-flash-0731,poolact,tuning,nasbench101,hpobench:nasbench101:C,cost_moderate,cached,4,2204,1,True,True,scored_final_answer,completed_scored,task-abstention-v1,normal_loop_return,,False,False
1264,job_2d25fbac97bc0dcf467f4b1f55ebd4b746260a25ad20df6abe81c017b52f0ef6,deepseek-v4-flash-0731,poolact,tuning,nasbench101,hpobench:nasbench101:C,cost_moderate,cached,4,2204,2,True,True,scored_final_answer,completed_scored,task-abstention-v1,normal_loop_return,,False,False
1265,job_2d25fbac97bc0dcf467f4b1f55ebd4b746260a25ad20df6abe81c017b52f0ef6,deepseek-v4-flash-0731,poolact,tuning,nasbench101,hpobench:nasbench101:C,cost_moderate,cached,4,2204,3,True,True,scored_final_answer,completed_scored,task-abstention-v1,normal_loop_return,,False,False
1266,job_c33294282ae3540c99b99c4d45315a3c6c829d8386e154f18dfb26d92a05b2a6,deepseek-v4-flash-0731,poolact,tuning,nasbench101,hpobench:nasbench101:C,cost_moderate,poolact,4,2204,0,True,False,unscorable_missing_configuration,model_no_answer,task-abstention-v1,normal_loop_return,,True,True
1267,job_c33294282ae3540c99b99c4d45315a3c6c829d8386e154f18dfb26d92a05b2a6,deepseek-v4-flash-0731,poolact,tuning,nasbench101,hpobench:nasbench101:C,cost_moderate,poolact,4,2204,1,True,True,scored_final_answer,completed_scored,task-abstention-v1,normal_loop_return,,False,False
1268,job_c33294282ae3540c99b99c4d45315a3c6c829d8386e154f18dfb26d92a05b2a6,deepseek-v4-flash-0731,poolact,tuning,nasbench101,hpobench:nasbench101:C,cost_moderate,poolact,4,2204,2,True,True,scored_final_answer,completed_scored,task-abstention-v1,normal_loop_return,,False,False
1269,job_c33294282ae3540c99b99c4d45315a3c6c829d8386e154f18dfb26d92a05b2a6,deepseek-v4-flash-0731,poolact,tuning,nasbench101,hpobench:nasbench101:C,cost_moderate,poolact,4,2204,3,True,True,scored_final_answer,completed_scored,task-abstention-v1,normal_loop_return,,False,False
1270,job_c76e74234310ec231c0e662b4839a3957c8cea6e18f16b6acc54c12bef8100ee,deepseek-v4-flash-0731,poolact,tuning,nasbench101,hpobench:nasbench101:A,cost_moderate,naive,4,2208,0,True,True,scored_final_answer,completed_scored,task-abstention-v1,normal_loop_return,,False,False
1271,job_c76e74234310ec231c0e662b4839a3957c8cea6e18f16b6acc54c12bef8100ee,deepseek-v4-flash-0731,poolact,tuning,nasbench101,hpobench:nasbench101:A,cost_moderate,naive,4,2208,1,True,True,scored_final_answer,completed_scored,task-abstention-v1,normal_loop_return,,False,False
1272,job_c76e74234310ec231c0e662b4839a3957c8cea6e18f16b6acc54c12bef8100ee,deepseek-v4-flash-0731,poolact,tuning,nasbench101,hpobench:nasbench101:A,cost_moderate,naive,4,2208,2,True,False,unscorable_missing_configuration,model_no_answer,task-abstention-v1,normal_loop_return,,True,True
1273,job_c76e74234310ec231c0e662b4839a3957c8cea6e18f16b6acc54c12bef8100ee,deepseek-v4-flash-0731,poolact,tuning,nasbench101,hpobench:nasbench101:A,cost_moderate,naive,4,2208,3,True,True,scored_final_answer,completed_scored,task-abstention-v1,normal_loop_return,,False,False
1274,job_c101248894b6df59c4c6d96dcee61c382ea35ebf6a5b5967878eb47328551ccf,deepseek-v4-flash-0731,poolact,tuning,nasbench101,hpobench:nasbench101:A,cost_moderate,cached,4,2208,0,True,True,scored_final_answer,completed_scored,task-abstention-v1,normal_loop_return,,False,False
1275,job_c101248894b6df59c4c6d96dcee61c382ea35ebf6a5b5967878eb47328551ccf,deepseek-v4-flash-0731,poolact,tuning,nasbench101,hpobench:nasbench101:A,cost_moderate,cached,4,2208,1,True,True,scored_final_answer,completed_scored,task-abstention-v1,normal_loop_return,,False,False
1276,job_c101248894b6df59c4c6d96dcee61c382ea35ebf6a5b5967878eb47328551ccf,deepseek-v4-flash-0731,poolact,tuning,nasbench101,hpobench:nasbench101:A,cost_moderate,cached,4,2208,2,True,True,scored_final_answer,completed_scored,task-abstention-v1,normal_loop_return,,False,False
1277,job_c101248894b6df59c4c6d96dcee61c382ea35ebf6a5b5967878eb47328551ccf,deepseek-v4-flash-0731,poolact,tuning,nasbench101,hpobench:nasbench101:A,cost_moderate,cached,4,2208,3,True,True,scored_final_answer,completed_scored,task-abstention-v1,normal_loop_return,,False,False
1278,job_4441ca431ef83b0215fcc034f127e3bd147c31374527319d7980ee8111116e3c,deepseek-v4-flash-0731,poolact,tuning,nasbench101,hpobench:nasbench101:A,cost_moderate,poolact,4,2208,0,True,True,scored_final_answer,completed_scored,task-abstention-v1,normal_loop_return,,False,False
1279,job_4441ca431ef83b0215fcc034f127e3bd147c31374527319d7980ee8111116e3c,deepseek-v4-flash-0731,poolact,tuning,nasbench101,hpobench:nasbench101:A,cost_moderate,poolact,4,2208,1,True,True,scored_final_answer,completed_scored,task-abstention-v1,normal_loop_return,,False,False
1280,job_4441ca431ef83b0215fcc034f127e3bd147c31374527319d7980ee8111116e3c,deepseek-v4-flash-0731,poolact,tuning,nasbench101,hpobench:nasbench101:A,cost_moderate,poolact,4,2208,2,True,True,scored_final_answer,completed_scored,task-abstention-v1,normal_loop_return,,False,False
1281,job_4441ca431ef83b0215fcc034f127e3bd147c31374527319d7980ee8111116e3c,deepseek-v4-flash-0731,poolact,tuning,nasbench101,hpobench:nasbench101:A,cost_moderate,poolact,4,2208,3,True,False,unscorable_missing_configuration,model_no_answer,task-abstention-v1,normal_loop_return,,True,True
1282,job_1d98397226adc1822f76e433686bad4118a5e1cf4e083663bafa18155f5ff21a,deepseek-v4-flash-0731,poolact,tuning,nasbench101,hpobench:nasbench101:B,cost_moderate,naive,4,2208,0,True,False,unscorable_missing_configuration,model_no_answer,task-abstention-v1,normal_loop_return,,True,True
1283,job_1d98397226adc1822f76e433686bad4118a5e1cf4e083663bafa18155f5ff21a,deepseek-v4-flash-0731,poolact,tuning,nasbench101,hpobench:nasbench101:B,cost_moderate,naive,4,2208,1,True,True,scored_final_answer,completed_scored,task-abstention-v1,normal_loop_return,,False,False
1284,job_1d98397226adc1822f76e433686bad4118a5e1cf4e083663bafa18155f5ff21a,deepseek-v4-flash-0731,poolact,tuning,nasbench101,hpobench:nasbench101:B,cost_moderate,naive,4,2208,2,True,False,unscorable_missing_configuration,model_no_answer,task-abstention-v1,normal_loop_return,,True,True
1285,job_1d98397226adc1822f76e433686bad4118a5e1cf4e083663bafa18155f5ff21a,deepseek-v4-flash-0731,poolact,tuning,nasbench101,hpobench:nasbench101:B,cost_moderate,naive,4,2208,3,True,True,scored_final_answer,completed_scored,task-abstention-v1,normal_loop_return,,False,False
1286,job_7be5b59ed4c43aa7a6ecc141d8003c94cc6b06e748b3a2fb4e5671ea26aeab4b,deepseek-v4-flash-0731,poolact,tuning,nasbench101,hpobench:nasbench101:B,cost_moderate,cached,4,2208,0,True,False,unscorable_missing_configuration,model_no_answer,task-abstention-v1,normal_loop_return,,True,True
1287,job_7be5b59ed4c43aa7a6ecc141d8003c94cc6b06e748b3a2fb4e5671ea26aeab4b,deepseek-v4-flash-0731,poolact,tuning,nasbench101,hpobench:nasbench101:B,cost_moderate,cached,4,2208,1,True,True,scored_final_answer,completed_scored,task-abstention-v1,normal_loop_return,,False,False
1288,job_7be5b59ed4c43aa7a6ecc141d8003c94cc6b06e748b3a2fb4e5671ea26aeab4b,deepseek-v4-flash-0731,poolact,tuning,nasbench101,hpobench:nasbench101:B,cost_moderate,cached,4,2208,2,True,True,scored_final_answer,completed_scored,task-abstention-v1,normal_loop_return,,False,False
1289,job_7be5b59ed4c43aa7a6ecc141d8003c94cc6b06e748b3a2fb4e5671ea26aeab4b,deepseek-v4-flash-0731,poolact,tuning,nasbench101,hpobench:nasbench101:B,cost_moderate,cached,4,2208,3,True,False,unscorable_missing_configuration,model_no_answer,task-abstention-v1,normal_loop_return,,True,True
1290,job_5837b65bcb2df4dc7c31e50097e0745d4a65b703f60880a09f95ae5f976697ca,deepseek-v4-flash-0731,poolact,tuning,nasbench101,hpobench:nasbench101:B,cost_moderate,poolact,4,2208,0,True,False,unscorable_missing_configuration,model_no_answer,task-abstention-v1,normal_loop_return,,True,True
1291,job_5837b65bcb2df4dc7c31e50097e0745d4a65b703f60880a09f95ae5f976697ca,deepseek-v4-flash-0731,poolact,tuning,nasbench101,hpobench:nasbench101:B,cost_moderate,poolact,4,2208,1,True,True,scored_final_answer,completed_scored,task-abstention-v1,normal_loop_return,,False,False
1292,job_5837b65bcb2df4dc7c31e50097e0745d4a65b703f60880a09f95ae5f976697ca,deepseek-v4-flash-0731,poolact,tuning,nasbench101,hpobench:nasbench101:B,cost_moderate,poolact,4,2208,2,True,False,unscorable_missing_configuration,model_no_answer,task-abstention-v1,normal_loop_return,,True,True
1293,job_5837b65bcb2df4dc7c31e50097e0745d4a65b703f60880a09f95ae5f976697ca,deepseek-v4-flash-0731,poolact,tuning,nasbench101,hpobench:nasbench101:B,cost_moderate,poolact,4,2208,3,True,False,unscorable_missing_configuration,model_no_answer,task-abstention-v1,normal_loop_return,,True,True
1294,job_8650f230c27651fa0006bb7ee1c59472c8318919c9218b79b1a6fbc8db9c53ec,deepseek-v4-flash-0731,poolact,tuning,nasbench101,hpobench:nasbench101:C,cost_moderate,naive,4,2208,0,True,False,unscorable_missing_configuration,model_no_answer,task-abstention-v1,normal_loop_return,,True,True
1295,job_8650f230c27651fa0006bb7ee1c59472c8318919c9218b79b1a6fbc8db9c53ec,deepseek-v4-flash-0731,poolact,tuning,nasbench101,hpobench:nasbench101:C,cost_moderate,naive,4,2208,1,True,True,scored_final_answer,completed_scored,task-abstention-v1,normal_loop_return,,False,False
1296,job_8650f230c27651fa0006bb7ee1c59472c8318919c9218b79b1a6fbc8db9c53ec,deepseek-v4-flash-0731,poolact,tuning,nasbench101,hpobench:nasbench101:C,cost_moderate,naive,4,2208,2,True,True,scored_final_answer,completed_scored,task-abstention-v1,normal_loop_return,,False,False
1297,job_8650f230c27651fa0006bb7ee1c59472c8318919c9218b79b1a6fbc8db9c53ec,deepseek-v4-flash-0731,poolact,tuning,nasbench101,hpobench:nasbench101:C,cost_moderate,naive,4,2208,3,True,False,unscorable_missing_configuration,model_no_answer,task-abstention-v1,normal_loop_return,,True,True
1298,job_8a5bd089abd20ef0b7c43d3071e51f8414081cce063da336760447a321f9e0dc,deepseek-v4-flash-0731,poolact,tuning,nasbench101,hpobench:nasbench101:C,cost_moderate,cached,4,2208,0,True,False,unscorable_missing_configuration,model_no_answer,task-abstention-v1,normal_loop_return,,True,True
1299,job_8a5bd089abd20ef0b7c43d3071e51f8414081cce063da336760447a321f9e0dc,deepseek-v4-flash-0731,poolact,tuning,nasbench101,hpobench:nasbench101:C,cost_moderate,cached,4,2208,1,True,True,scored_final_answer,completed_scored,task-abstention-v1,normal_loop_return,,False,False
1300,job_8a5bd089abd20ef0b7c43d3071e51f8414081cce063da336760447a321f9e0dc,deepseek-v4-flash-0731,poolact,tuning,nasbench101,hpobench:nasbench101:C,cost_moderate,cached,4,2208,2,True,False,unscorable_missing_configuration,model_no_answer,task-abstention-v1,normal_loop_return,,True,True
1301,job_8a5bd089abd20ef0b7c43d3071e51f8414081cce063da336760447a321f9e0dc,deepseek-v4-flash-0731,poolact,tuning,nasbench101,hpobench:nasbench101:C,cost_moderate,cached,4,2208,3,True,False,unscorable_missing_configuration,model_no_answer,task-abstention-v1,normal_loop_return,,True,True
1302,job_508bb8d4af5aa6d4eaaa8db04801d3b9135a027d018e4caa32ff5c431606233e,deepseek-v4-flash-0731,poolact,tuning,nasbench101,hpobench:nasbench101:C,cost_moderate,poolact,4,2208,0,True,True,scored_final_answer,completed_scored,task-abstention-v1,normal_loop_return,,False,False
1303,job_508bb8d4af5aa6d4eaaa8db04801d3b9135a027d018e4caa32ff5c431606233e,deepseek-v4-flash-0731,poolact,tuning,nasbench101,hpobench:nasbench101:C,cost_moderate,poolact,4,2208,1,True,True,scored_final_answer,completed_scored,task-abstention-v1,normal_loop_return,,False,False
1304,job_508bb8d4af5aa6d4eaaa8db04801d3b9135a027d018e4caa32ff5c431606233e,deepseek-v4-flash-0731,poolact,tuning,nasbench101,hpobench:nasbench101:C,cost_moderate,poolact,4,2208,2,True,False,unscorable_missing_configuration,model_no_answer,task-abstention-v1,normal_loop_return,,True,True
1305,job_508bb8d4af5aa6d4eaaa8db04801d3b9135a027d018e4caa32ff5c431606233e,deepseek-v4-flash-0731,poolact,tuning,nasbench101,hpobench:nasbench101:C,cost_moderate,poolact,4,2208,3,True,False,unscorable_missing_configuration,model_no_answer,task-abstention-v1,normal_loop_return,,True,True
1774,job_45a8653edeadf2a26582ce9d59d9016b6e60131975c6402ba9307aed9fe53047,deepseek-v4-flash-0731,poolact,tuning,nasbench101,hpobench:nasbench101:A,cost_tight,naive,4,2200,0,True,True,scored_final_answer,completed_scored,task-abstention-v1,normal_loop_return,,False,False
1775,job_45a8653edeadf2a26582ce9d59d9016b6e60131975c6402ba9307aed9fe53047,deepseek-v4-flash-0731,poolact,tuning,nasbench101,hpobench:nasbench101:A,cost_tight,naive,4,2200,1,True,True,scored_final_answer,completed_scored,task-abstention-v1,normal_loop_return,,False,False
1776,job_45a8653edeadf2a26582ce9d59d9016b6e60131975c6402ba9307aed9fe53047,deepseek-v4-flash-0731,poolact,tuning,nasbench101,hpobench:nasbench101:A,cost_tight,naive,4,2200,2,True,False,unscorable_missing_configuration,model_no_answer,task-abstention-v1,normal_loop_return,,True,True
1777,job_45a8653edeadf2a26582ce9d59d9016b6e60131975c6402ba9307aed9fe53047,deepseek-v4-flash-0731,poolact,tuning,nasbench101,hpobench:nasbench101:A,cost_tight,naive,4,2200,3,True,False,unscorable_missing_configuration,model_no_answer,task-abstention-v1,normal_loop_return,,True,True
1778,job_89d3510e5fdfc8c3a611ac1ba52ebfafd8a6e51c771b1a6cfa93a0ead5985b73,deepseek-v4-flash-0731,poolact,tuning,nasbench101,hpobench:nasbench101:A,cost_tight,cached,4,2200,0,True,False,unscorable_missing_configuration,model_no_answer,task-abstention-v1,normal_loop_return,,True,True
1779,job_89d3510e5fdfc8c3a611ac1ba52ebfafd8a6e51c771b1a6cfa93a0ead5985b73,deepseek-v4-flash-0731,poolact,tuning,nasbench101,hpobench:nasbench101:A,cost_tight,cached,4,2200,1,True,True,scored_final_answer,completed_scored,task-abstention-v1,normal_loop_return,,False,False
1780,job_89d3510e5fdfc8c3a611ac1ba52ebfafd8a6e51c771b1a6cfa93a0ead5985b73,deepseek-v4-flash-0731,poolact,tuning,nasbench101,hpobench:nasbench101:A,cost_tight,cached,4,2200,2,True,True,scored_final_answer,completed_scored,task-abstention-v1,normal_loop_return,,False,False
1781,job_89d3510e5fdfc8c3a611ac1ba52ebfafd8a6e51c771b1a6cfa93a0ead5985b73,deepseek-v4-flash-0731,poolact,tuning,nasbench101,hpobench:nasbench101:A,cost_tight,cached,4,2200,3,True,True,scored_final_answer,completed_scored,task-abstention-v1,normal_loop_return,,False,False
1782,job_50fc3008472d68b2789ac745c21e572901662871a90e3bd526782dd4ece5fb0b,deepseek-v4-flash-0731,poolact,tuning,nasbench101,hpobench:nasbench101:A,cost_tight,poolact,4,2200,0,True,False,unscorable_missing_configuration,model_no_answer,task-abstention-v1,normal_loop_return,,True,True
1783,job_50fc3008472d68b2789ac745c21e572901662871a90e3bd526782dd4ece5fb0b,deepseek-v4-flash-0731,poolact,tuning,nasbench101,hpobench:nasbench101:A,cost_tight,poolact,4,2200,1,True,True,scored_final_answer,completed_scored,task-abstention-v1,normal_loop_return,,False,False
1784,job_50fc3008472d68b2789ac745c21e572901662871a90e3bd526782dd4ece5fb0b,deepseek-v4-flash-0731,poolact,tuning,nasbench101,hpobench:nasbench101:A,cost_tight,poolact,4,2200,2,True,False,unscorable_missing_configuration,model_no_answer,task-abstention-v1,normal_loop_return,,True,True
1785,job_50fc3008472d68b2789ac745c21e572901662871a90e3bd526782dd4ece5fb0b,deepseek-v4-flash-0731,poolact,tuning,nasbench101,hpobench:nasbench101:A,cost_tight,poolact,4,2200,3,True,False,unscorable_missing_configuration,model_no_answer,task-abstention-v1,normal_loop_return,,True,True
1786,job_40dfde70aa47fd5156b92826f4eb0e6882647c2f18654a16c8bc40ee7b7dd04d,deepseek-v4-flash-0731,poolact,tuning,nasbench101,hpobench:nasbench101:B,cost_tight,naive,4,2200,0,True,True,scored_final_answer,completed_scored,task-abstention-v1,normal_loop_return,,False,False
1787,job_40dfde70aa47fd5156b92826f4eb0e6882647c2f18654a16c8bc40ee7b7dd04d,deepseek-v4-flash-0731,poolact,tuning,nasbench101,hpobench:nasbench101:B,cost_tight,naive,4,2200,1,True,True,scored_final_answer,completed_scored,task-abstention-v1,normal_loop_return,,False,False
1788,job_40dfde70aa47fd5156b92826f4eb0e6882647c2f18654a16c8bc40ee7b7dd04d,deepseek-v4-flash-0731,poolact,tuning,nasbench101,hpobench:nasbench101:B,cost_tight,naive,4,2200,2,True,False,unscorable_missing_configuration,model_no_answer,task-abstention-v1,normal_loop_return,,True,True
1789,job_40dfde70aa47fd5156b92826f4eb0e6882647c2f18654a16c8bc40ee7b7dd04d,deepseek-v4-flash-0731,poolact,tuning,nasbench101,hpobench:nasbench101:B,cost_tight,naive,4,2200,3,True,True,scored_final_answer,completed_scored,task-abstention-v1,normal_loop_return,,False,False
1790,job_9fe55bdc2d2c726b0be21b4eebb9f2cf0ca9a5722f12ae0f27d3ab658b51bde7,deepseek-v4-flash-0731,poolact,tuning,nasbench101,hpobench:nasbench101:B,cost_tight,cached,4,2200,0,True,True,scored_final_answer,completed_scored,task-abstention-v1,normal_loop_return,,False,False
1791,job_9fe55bdc2d2c726b0be21b4eebb9f2cf0ca9a5722f12ae0f27d3ab658b51bde7,deepseek-v4-flash-0731,poolact,tuning,nasbench101,hpobench:nasbench101:B,cost_tight,cached,4,2200,1,True,True,scored_final_answer,completed_scored,task-abstention-v1,normal_loop_return,,False,False
1792,job_9fe55bdc2d2c726b0be21b4eebb9f2cf0ca9a5722f12ae0f27d3ab658b51bde7,deepseek-v4-flash-0731,poolact,tuning,nasbench101,hpobench:nasbench101:B,cost_tight,cached,4,2200,2,True,False,unscorable_missing_configuration,model_no_answer,task-abstention-v1,normal_loop_return,,True,True
1793,job_9fe55bdc2d2c726b0be21b4eebb9f2cf0ca9a5722f12ae0f27d3ab658b51bde7,deepseek-v4-flash-0731,poolact,tuning,nasbench101,hpobench:nasbench101:B,cost_tight,cached,4,2200,3,True,True,scored_final_answer,completed_scored,task-abstention-v1,normal_loop_return,,False,False
1794,job_1eef4b6ed70d9f60f6e2fb970aa0ca10f39e5b0621f103ede03264275421cc96,deepseek-v4-flash-0731,poolact,tuning,nasbench101,hpobench:nasbench101:B,cost_tight,poolact,4,2200,0,True,True,scored_final_answer,completed_scored,task-abstention-v1,normal_loop_return,,False,False
1795,job_1eef4b6ed70d9f60f6e2fb970aa0ca10f39e5b0621f103ede03264275421cc96,deepseek-v4-flash-0731,poolact,tuning,nasbench101,hpobench:nasbench101:B,cost_tight,poolact,4,2200,1,True,True,scored_final_answer,completed_scored,task-abstention-v1,normal_loop_return,,False,False
1796,job_1eef4b6ed70d9f60f6e2fb970aa0ca10f39e5b0621f103ede03264275421cc96,deepseek-v4-flash-0731,poolact,tuning,nasbench101,hpobench:nasbench101:B,cost_tight,poolact,4,2200,2,True,True,scored_final_answer,completed_scored,task-abstention-v1,normal_loop_return,,False,False
1797,job_1eef4b6ed70d9f60f6e2fb970aa0ca10f39e5b0621f103ede03264275421cc96,deepseek-v4-flash-0731,poolact,tuning,nasbench101,hpobench:nasbench101:B,cost_tight,poolact,4,2200,3,True,True,scored_final_answer,completed_scored,task-abstention-v1,normal_loop_return,,False,False
1798,job_51ee9240822552cd232c68bd6643a84b2f62788747981caffa8b626e8b873ee1,deepseek-v4-flash-0731,poolact,tuning,nasbench101,hpobench:nasbench101:C,cost_tight,naive,4,2200,0,True,True,scored_final_answer,completed_scored,task-abstention-v1,normal_loop_return,,False,False
1799,job_51ee9240822552cd232c68bd6643a84b2f62788747981caffa8b626e8b873ee1,deepseek-v4-flash-0731,poolact,tuning,nasbench101,hpobench:nasbench101:C,cost_tight,naive,4,2200,1,True,True,scored_final_answer,completed_scored,task-abstention-v1,normal_loop_return,,False,False
1800,job_51ee9240822552cd232c68bd6643a84b2f62788747981caffa8b626e8b873ee1,deepseek-v4-flash-0731,poolact,tuning,nasbench101,hpobench:nasbench101:C,cost_tight,naive,4,2200,2,True,False,unscorable_missing_configuration,model_no_answer,task-abstention-v1,normal_loop_return,,True,True
1801,job_51ee9240822552cd232c68bd6643a84b2f62788747981caffa8b626e8b873ee1,deepseek-v4-flash-0731,poolact,tuning,nasbench101,hpobench:nasbench101:C,cost_tight,naive,4,2200,3,True,True,scored_final_answer,completed_scored,task-abstention-v1,normal_loop_return,,False,False
1802,job_336992cd20d6cfc855e6933f5cb7119ed6aeb7f21aae8e9de9dbead8e50ecd88,deepseek-v4-flash-0731,poolact,tuning,nasbench101,hpobench:nasbench101:C,cost_tight,cached,4,2200,0,True,False,unscorable_missing_configuration,model_no_answer,task-abstention-v1,normal_loop_return,,True,True
1803,job_336992cd20d6cfc855e6933f5cb7119ed6aeb7f21aae8e9de9dbead8e50ecd88,deepseek-v4-flash-0731,poolact,tuning,nasbench101,hpobench:nasbench101:C,cost_tight,cached,4,2200,1,True,True,scored_final_answer,completed_scored,task-abstention-v1,normal_loop_return,,False,False
1804,job_336992cd20d6cfc855e6933f5cb7119ed6aeb7f21aae8e9de9dbead8e50ecd88,deepseek-v4-flash-0731,poolact,tuning,nasbench101,hpobench:nasbench101:C,cost_tight,cached,4,2200,2,True,True,scored_final_answer,completed_scored,task-abstention-v1,normal_loop_return,,False,False
1805,job_336992cd20d6cfc855e6933f5cb7119ed6aeb7f21aae8e9de9dbead8e50ecd88,deepseek-v4-flash-0731,poolact,tuning,nasbench101,hpobench:nasbench101:C,cost_tight,cached,4,2200,3,True,False,unscorable_missing_configuration,model_no_answer,task-abstention-v1,normal_loop_return,,True,True
1806,job_0c525e225ae9eb19dccb93c4292e1ebfdd4dcb56576c96cf68c9272ea4d7bc7e,deepseek-v4-flash-0731,poolact,tuning,nasbench101,hpobench:nasbench101:C,cost_tight,poolact,4,2200,0,True,True,scored_final_answer,completed_scored,task-abstention-v1,normal_loop_return,,False,False
1807,job_0c525e225ae9eb19dccb93c4292e1ebfdd4dcb56576c96cf68c9272ea4d7bc7e,deepseek-v4-flash-0731,poolact,tuning,nasbench101,hpobench:nasbench101:C,cost_tight,poolact,4,2200,1,True,True,scored_final_answer,completed_scored,task-abstention-v1,normal_loop_return,,False,False
1808,job_0c525e225ae9eb19dccb93c4292e1ebfdd4dcb56576c96cf68c9272ea4d7bc7e,deepseek-v4-flash-0731,poolact,tuning,nasbench101,hpobench:nasbench101:C,cost_tight,poolact,4,2200,2,True,False,unscorable_missing_configuration,model_no_answer,task-abstention-v1,normal_loop_return,,True,True
1809,job_0c525e225ae9eb19dccb93c4292e1ebfdd4dcb56576c96cf68c9272ea4d7bc7e,deepseek-v4-flash-0731,poolact,tuning,nasbench101,hpobench:nasbench101:C,cost_tight,poolact,4,2200,3,True,False,unscorable_missing_configuration,model_no_answer,task-abstention-v1,normal_loop_return,,True,True
1810,job_32a9fa672694e40052e6557d96bc849d31f5e57b44e8bc85ba82bfc0777450b3,deepseek-v4-flash-0731,poolact,tuning,nasbench101,hpobench:nasbench101:A,cost_tight,naive,4,2204,0,True,True,scored_final_answer,completed_scored,task-abstention-v1,normal_loop_return,,False,False
1811,job_32a9fa672694e40052e6557d96bc849d31f5e57b44e8bc85ba82bfc0777450b3,deepseek-v4-flash-0731,poolact,tuning,nasbench101,hpobench:nasbench101:A,cost_tight,naive,4,2204,1,True,True,scored_final_answer,completed_scored,task-abstention-v1,normal_loop_return,,False,False
1812,job_32a9fa672694e40052e6557d96bc849d31f5e57b44e8bc85ba82bfc0777450b3,deepseek-v4-flash-0731,poolact,tuning,nasbench101,hpobench:nasbench101:A,cost_tight,naive,4,2204,2,True,True,scored_final_answer,completed_scored,task-abstention-v1,normal_loop_return,,False,False
1813,job_32a9fa672694e40052e6557d96bc849d31f5e57b44e8bc85ba82bfc0777450b3,deepseek-v4-flash-0731,poolact,tuning,nasbench101,hpobench:nasbench101:A,cost_tight,naive,4,2204,3,True,True,scored_final_answer,completed_scored,task-abstention-v1,normal_loop_return,,False,False
1814,job_5830e6e3ee797e645f108975e18e24d65d71f5b88bb1249f242560fa116c26e9,deepseek-v4-flash-0731,poolact,tuning,nasbench101,hpobench:nasbench101:A,cost_tight,cached,4,2204,0,True,True,scored_final_answer,completed_scored,task-abstention-v1,normal_loop_return,,False,False
1815,job_5830e6e3ee797e645f108975e18e24d65d71f5b88bb1249f242560fa116c26e9,deepseek-v4-flash-0731,poolact,tuning,nasbench101,hpobench:nasbench101:A,cost_tight,cached,4,2204,1,True,True,scored_final_answer,completed_scored,task-abstention-v1,normal_loop_return,,False,False
1816,job_5830e6e3ee797e645f108975e18e24d65d71f5b88bb1249f242560fa116c26e9,deepseek-v4-flash-0731,poolact,tuning,nasbench101,hpobench:nasbench101:A,cost_tight,cached,4,2204,2,True,True,scored_final_answer,completed_scored,task-abstention-v1,normal_loop_return,,False,False
1817,job_5830e6e3ee797e645f108975e18e24d65d71f5b88bb1249f242560fa116c26e9,deepseek-v4-flash-0731,poolact,tuning,nasbench101,hpobench:nasbench101:A,cost_tight,cached,4,2204,3,True,False,unscorable_missing_configuration,model_no_answer,task-abstention-v1,normal_loop_return,,True,True
1818,job_c79daee00089bdfb69a5bbf6f6e78f940388aa8ef6b61707c041ee58aaa01c8e,deepseek-v4-flash-0731,poolact,tuning,nasbench101,hpobench:nasbench101:A,cost_tight,poolact,4,2204,0,True,True,scored_final_answer,completed_scored,task-abstention-v1,normal_loop_return,,False,False
1819,job_c79daee00089bdfb69a5bbf6f6e78f940388aa8ef6b61707c041ee58aaa01c8e,deepseek-v4-flash-0731,poolact,tuning,nasbench101,hpobench:nasbench101:A,cost_tight,poolact,4,2204,1,True,True,scored_final_answer,completed_scored,task-abstention-v1,normal_loop_return,,False,False
1820,job_c79daee00089bdfb69a5bbf6f6e78f940388aa8ef6b61707c041ee58aaa01c8e,deepseek-v4-flash-0731,poolact,tuning,nasbench101,hpobench:nasbench101:A,cost_tight,poolact,4,2204,2,True,True,scored_final_answer,completed_scored,task-abstention-v1,normal_loop_return,,False,False
1821,job_c79daee00089bdfb69a5bbf6f6e78f940388aa8ef6b61707c041ee58aaa01c8e,deepseek-v4-flash-0731,poolact,tuning,nasbench101,hpobench:nasbench101:A,cost_tight,poolact,4,2204,3,True,True,scored_final_answer,completed_scored,task-abstention-v1,normal_loop_return,,False,False
1822,job_f47fbefb5b7fd2c22c5cc03a73bbe51efe790da56df9010cd799e96dd1a584db,deepseek-v4-flash-0731,poolact,tuning,nasbench101,hpobench:nasbench101:B,cost_tight,naive,4,2204,0,True,True,scored_final_answer,completed_scored,task-abstention-v1,normal_loop_return,,False,False
1823,job_f47fbefb5b7fd2c22c5cc03a73bbe51efe790da56df9010cd799e96dd1a584db,deepseek-v4-flash-0731,poolact,tuning,nasbench101,hpobench:nasbench101:B,cost_tight,naive,4,2204,1,True,True,scored_final_answer,completed_scored,task-abstention-v1,normal_loop_return,,False,False
1824,job_f47fbefb5b7fd2c22c5cc03a73bbe51efe790da56df9010cd799e96dd1a584db,deepseek-v4-flash-0731,poolact,tuning,nasbench101,hpobench:nasbench101:B,cost_tight,naive,4,2204,2,True,True,scored_final_answer,completed_scored,task-abstention-v1,normal_loop_return,,False,False
1825,job_f47fbefb5b7fd2c22c5cc03a73bbe51efe790da56df9010cd799e96dd1a584db,deepseek-v4-flash-0731,poolact,tuning,nasbench101,hpobench:nasbench101:B,cost_tight,naive,4,2204,3,True,True,scored_final_answer,completed_scored,task-abstention-v1,normal_loop_return,,False,False
1826,job_5aab9de12bbc09435b368383449978a645e640400af525cc6e1d339b3c159628,deepseek-v4-flash-0731,poolact,tuning,nasbench101,hpobench:nasbench101:B,cost_tight,cached,4,2204,0,True,False,unscorable_missing_configuration,model_no_answer,task-abstention-v1,normal_loop_return,,True,True
1827,job_5aab9de12bbc09435b368383449978a645e640400af525cc6e1d339b3c159628,deepseek-v4-flash-0731,poolact,tuning,nasbench101,hpobench:nasbench101:B,cost_tight,cached,4,2204,1,True,False,unscorable_missing_configuration,model_no_answer,task-abstention-v1,normal_loop_return,,True,True
1828,job_5aab9de12bbc09435b368383449978a645e640400af525cc6e1d339b3c159628,deepseek-v4-flash-0731,poolact,tuning,nasbench101,hpobench:nasbench101:B,cost_tight,cached,4,2204,2,True,True,scored_final_answer,completed_scored,task-abstention-v1,normal_loop_return,,False,False
1829,job_5aab9de12bbc09435b368383449978a645e640400af525cc6e1d339b3c159628,deepseek-v4-flash-0731,poolact,tuning,nasbench101,hpobench:nasbench101:B,cost_tight,cached,4,2204,3,True,True,scored_final_answer,completed_scored,task-abstention-v1,normal_loop_return,,False,False
1830,job_653d64edcda02473db34d68ac10d6cc390da3ea2b2318ca4a15d250bc9c81fcd,deepseek-v4-flash-0731,poolact,tuning,nasbench101,hpobench:nasbench101:B,cost_tight,poolact,4,2204,0,True,True,scored_final_answer,completed_scored,task-abstention-v1,normal_loop_return,,False,False
1831,job_653d64edcda02473db34d68ac10d6cc390da3ea2b2318ca4a15d250bc9c81fcd,deepseek-v4-flash-0731,poolact,tuning,nasbench101,hpobench:nasbench101:B,cost_tight,poolact,4,2204,1,True,False,unscorable_missing_configuration,model_no_answer,task-abstention-v1,normal_loop_return,,True,True
1832,job_653d64edcda02473db34d68ac10d6cc390da3ea2b2318ca4a15d250bc9c81fcd,deepseek-v4-flash-0731,poolact,tuning,nasbench101,hpobench:nasbench101:B,cost_tight,poolact,4,2204,2,True,True,scored_final_answer,completed_scored,task-abstention-v1,normal_loop_return,,False,False
1833,job_653d64edcda02473db34d68ac10d6cc390da3ea2b2318ca4a15d250bc9c81fcd,deepseek-v4-flash-0731,poolact,tuning,nasbench101,hpobench:nasbench101:B,cost_tight,poolact,4,2204,3,True,False,unscorable_missing_configuration,model_no_answer,task-abstention-v1,normal_loop_return,,True,True
1834,job_be1624be29054a9fc22a3bba61e8753b4ef3ab213e49197f1018bd768a57e00a,deepseek-v4-flash-0731,poolact,tuning,nasbench101,hpobench:nasbench101:C,cost_tight,naive,4,2204,0,True,False,unscorable_missing_configuration,model_no_answer,task-abstention-v1,normal_loop_return,,True,True
1835,job_be1624be29054a9fc22a3bba61e8753b4ef3ab213e49197f1018bd768a57e00a,deepseek-v4-flash-0731,poolact,tuning,nasbench101,hpobench:nasbench101:C,cost_tight,naive,4,2204,1,True,False,unscorable_missing_configuration,model_no_answer,task-abstention-v1,normal_loop_return,,True,True
1836,job_be1624be29054a9fc22a3bba61e8753b4ef3ab213e49197f1018bd768a57e00a,deepseek-v4-flash-0731,poolact,tuning,nasbench101,hpobench:nasbench101:C,cost_tight,naive,4,2204,2,True,True,scored_final_answer,completed_scored,task-abstention-v1,normal_loop_return,,False,False
1837,job_be1624be29054a9fc22a3bba61e8753b4ef3ab213e49197f1018bd768a57e00a,deepseek-v4-flash-0731,poolact,tuning,nasbench101,hpobench:nasbench101:C,cost_tight,naive,4,2204,3,True,False,unscorable_missing_configuration,model_no_answer,task-abstention-v1,normal_loop_return,,True,True
1838,job_86c46bb368da52165231e5a5ae6b802c8f95ee871b8d4d6692f606b1559ed561,deepseek-v4-flash-0731,poolact,tuning,nasbench101,hpobench:nasbench101:C,cost_tight,cached,4,2204,0,True,False,unscorable_missing_configuration,model_no_answer,task-abstention-v1,normal_loop_return,,True,True
1839,job_86c46bb368da52165231e5a5ae6b802c8f95ee871b8d4d6692f606b1559ed561,deepseek-v4-flash-0731,poolact,tuning,nasbench101,hpobench:nasbench101:C,cost_tight,cached,4,2204,1,True,True,scored_final_answer,completed_scored,task-abstention-v1,normal_loop_return,,False,False
1840,job_86c46bb368da52165231e5a5ae6b802c8f95ee871b8d4d6692f606b1559ed561,deepseek-v4-flash-0731,poolact,tuning,nasbench101,hpobench:nasbench101:C,cost_tight,cached,4,2204,2,True,False,unscorable_missing_configuration,model_no_answer,task-abstention-v1,normal_loop_return,,True,True
1841,job_86c46bb368da52165231e5a5ae6b802c8f95ee871b8d4d6692f606b1559ed561,deepseek-v4-flash-0731,poolact,tuning,nasbench101,hpobench:nasbench101:C,cost_tight,cached,4,2204,3,True,False,unscorable_missing_configuration,model_no_answer,task-abstention-v1,normal_loop_return,,True,True
1842,job_aa338e31a65112edd6c9682055c4323a688dcc6d92db6397cfd774b8b21176c5,deepseek-v4-flash-0731,poolact,tuning,nasbench101,hpobench:nasbench101:C,cost_tight,poolact,4,2204,0,True,False,unscorable_missing_configuration,model_no_answer,task-abstention-v1,normal_loop_return,,True,True
1843,job_aa338e31a65112edd6c9682055c4323a688dcc6d92db6397cfd774b8b21176c5,deepseek-v4-flash-0731,poolact,tuning,nasbench101,hpobench:nasbench101:C,cost_tight,poolact,4,2204,1,True,True,scored_final_answer,completed_scored,task-abstention-v1,normal_loop_return,,False,False
1844,job_aa338e31a65112edd6c9682055c4323a688dcc6d92db6397cfd774b8b21176c5,deepseek-v4-flash-0731,poolact,tuning,nasbench101,hpobench:nasbench101:C,cost_tight,poolact,4,2204,2,True,True,scored_final_answer,completed_scored,task-abstention-v1,normal_loop_return,,False,False
1845,job_aa338e31a65112edd6c9682055c4323a688dcc6d92db6397cfd774b8b21176c5,deepseek-v4-flash-0731,poolact,tuning,nasbench101,hpobench:nasbench101:C,cost_tight,poolact,4,2204,3,True,False,unscorable_missing_configuration,model_no_answer,task-abstention-v1,normal_loop_return,,True,True
1846,job_4ac7fd5052a6573912be2277077dc1f510dc8a516b44000d3f0fc182672640b5,deepseek-v4-flash-0731,poolact,tuning,nasbench101,hpobench:nasbench101:A,cost_tight,naive,4,2208,0,True,True,scored_final_answer,completed_scored,task-abstention-v1,normal_loop_return,,False,False
1847,job_4ac7fd5052a6573912be2277077dc1f510dc8a516b44000d3f0fc182672640b5,deepseek-v4-flash-0731,poolact,tuning,nasbench101,hpobench:nasbench101:A,cost_tight,naive,4,2208,1,True,True,scored_final_answer,completed_scored,task-abstention-v1,normal_loop_return,,False,False
1848,job_4ac7fd5052a6573912be2277077dc1f510dc8a516b44000d3f0fc182672640b5,deepseek-v4-flash-0731,poolact,tuning,nasbench101,hpobench:nasbench101:A,cost_tight,naive,4,2208,2,True,True,scored_final_answer,completed_scored,task-abstention-v1,normal_loop_return,,False,False
1849,job_4ac7fd5052a6573912be2277077dc1f510dc8a516b44000d3f0fc182672640b5,deepseek-v4-flash-0731,poolact,tuning,nasbench101,hpobench:nasbench101:A,cost_tight,naive,4,2208,3,True,False,unscorable_missing_configuration,model_no_answer,task-abstention-v1,normal_loop_return,,True,True
1850,job_e528d8a50b5ebcbaf19bd8ecbe9eaf65ce60b72834b4f19525edb15d709b9785,deepseek-v4-flash-0731,poolact,tuning,nasbench101,hpobench:nasbench101:A,cost_tight,cached,4,2208,0,True,True,scored_final_answer,completed_scored,task-abstention-v1,normal_loop_return,,False,False
1851,job_e528d8a50b5ebcbaf19bd8ecbe9eaf65ce60b72834b4f19525edb15d709b9785,deepseek-v4-flash-0731,poolact,tuning,nasbench101,hpobench:nasbench101:A,cost_tight,cached,4,2208,1,True,True,scored_final_answer,completed_scored,task-abstention-v1,normal_loop_return,,False,False
1852,job_e528d8a50b5ebcbaf19bd8ecbe9eaf65ce60b72834b4f19525edb15d709b9785,deepseek-v4-flash-0731,poolact,tuning,nasbench101,hpobench:nasbench101:A,cost_tight,cached,4,2208,2,True,True,scored_final_answer,completed_scored,task-abstention-v1,normal_loop_return,,False,False
1853,job_e528d8a50b5ebcbaf19bd8ecbe9eaf65ce60b72834b4f19525edb15d709b9785,deepseek-v4-flash-0731,poolact,tuning,nasbench101,hpobench:nasbench101:A,cost_tight,cached,4,2208,3,True,True,scored_final_answer,completed_scored,task-abstention-v1,normal_loop_return,,False,False
1854,job_ccd36f61b3a040b23b264b5bb2c0216f4b9d50c0529b0a6fcef529c979e74a1b,deepseek-v4-flash-0731,poolact,tuning,nasbench101,hpobench:nasbench101:A,cost_tight,poolact,4,2208,0,True,True,scored_final_answer,completed_scored,task-abstention-v1,normal_loop_return,,False,False
1855,job_ccd36f61b3a040b23b264b5bb2c0216f4b9d50c0529b0a6fcef529c979e74a1b,deepseek-v4-flash-0731,poolact,tuning,nasbench101,hpobench:nasbench101:A,cost_tight,poolact,4,2208,1,True,True,scored_final_answer,completed_scored,task-abstention-v1,normal_loop_return,,False,False
1856,job_ccd36f61b3a040b23b264b5bb2c0216f4b9d50c0529b0a6fcef529c979e74a1b,deepseek-v4-flash-0731,poolact,tuning,nasbench101,hpobench:nasbench101:A,cost_tight,poolact,4,2208,2,True,True,scored_final_answer,completed_scored,task-abstention-v1,normal_loop_return,,False,False
1857,job_ccd36f61b3a040b23b264b5bb2c0216f4b9d50c0529b0a6fcef529c979e74a1b,deepseek-v4-flash-0731,poolact,tuning,nasbench101,hpobench:nasbench101:A,cost_tight,poolact,4,2208,3,True,False,unscorable_missing_configuration,model_no_answer,task-abstention-v1,normal_loop_return,,True,True
1858,job_015cb089142cb7379099ded9f5a85b4f618ca3546eb16517d6e7e93f9b5e54ad,deepseek-v4-flash-0731,poolact,tuning,nasbench101,hpobench:nasbench101:B,cost_tight,naive,4,2208,0,True,True,scored_final_answer,completed_scored,task-abstention-v1,normal_loop_return,,False,False
1859,job_015cb089142cb7379099ded9f5a85b4f618ca3546eb16517d6e7e93f9b5e54ad,deepseek-v4-flash-0731,poolact,tuning,nasbench101,hpobench:nasbench101:B,cost_tight,naive,4,2208,1,True,True,scored_final_answer,completed_scored,task-abstention-v1,normal_loop_return,,False,False
1860,job_015cb089142cb7379099ded9f5a85b4f618ca3546eb16517d6e7e93f9b5e54ad,deepseek-v4-flash-0731,poolact,tuning,nasbench101,hpobench:nasbench101:B,cost_tight,naive,4,2208,2,True,False,unscorable_missing_configuration,model_no_answer,task-abstention-v1,normal_loop_return,,True,True
1861,job_015cb089142cb7379099ded9f5a85b4f618ca3546eb16517d6e7e93f9b5e54ad,deepseek-v4-flash-0731,poolact,tuning,nasbench101,hpobench:nasbench101:B,cost_tight,naive,4,2208,3,True,False,unscorable_missing_configuration,model_no_answer,task-abstention-v1,normal_loop_return,,True,True
1862,job_933a96d4573a58e20dce959dbc0fdd0333b1598c24b21ec86c46f3baf4dae2e5,deepseek-v4-flash-0731,poolact,tuning,nasbench101,hpobench:nasbench101:B,cost_tight,cached,4,2208,0,True,False,unscorable_missing_configuration,model_no_answer,task-abstention-v1,normal_loop_return,,True,True
1863,job_933a96d4573a58e20dce959dbc0fdd0333b1598c24b21ec86c46f3baf4dae2e5,deepseek-v4-flash-0731,poolact,tuning,nasbench101,hpobench:nasbench101:B,cost_tight,cached,4,2208,1,True,True,scored_final_answer,completed_scored,task-abstention-v1,normal_loop_return,,False,False
1864,job_933a96d4573a58e20dce959dbc0fdd0333b1598c24b21ec86c46f3baf4dae2e5,deepseek-v4-flash-0731,poolact,tuning,nasbench101,hpobench:nasbench101:B,cost_tight,cached,4,2208,2,True,False,unscorable_missing_configuration,model_no_answer,task-abstention-v1,normal_loop_return,,True,True
1865,job_933a96d4573a58e20dce959dbc0fdd0333b1598c24b21ec86c46f3baf4dae2e5,deepseek-v4-flash-0731,poolact,tuning,nasbench101,hpobench:nasbench101:B,cost_tight,cached,4,2208,3,True,True,scored_final_answer,completed_scored,task-abstention-v1,normal_loop_return,,False,False
1866,job_346054251f4afbda8f8b198e5edea4072fa24c9b6797eed0a9a7cebe25292d03,deepseek-v4-flash-0731,poolact,tuning,nasbench101,hpobench:nasbench101:B,cost_tight,poolact,4,2208,0,True,True,scored_final_answer,completed_scored,task-abstention-v1,normal_loop_return,,False,False
1867,job_346054251f4afbda8f8b198e5edea4072fa24c9b6797eed0a9a7cebe25292d03,deepseek-v4-flash-0731,poolact,tuning,nasbench101,hpobench:nasbench101:B,cost_tight,poolact,4,2208,1,True,False,unscorable_missing_configuration,model_no_answer,task-abstention-v1,normal_loop_return,,True,True
1868,job_346054251f4afbda8f8b198e5edea4072fa24c9b6797eed0a9a7cebe25292d03,deepseek-v4-flash-0731,poolact,tuning,nasbench101,hpobench:nasbench101:B,cost_tight,poolact,4,2208,2,True,True,scored_final_answer,completed_scored,task-abstention-v1,normal_loop_return,,False,False
1869,job_346054251f4afbda8f8b198e5edea4072fa24c9b6797eed0a9a7cebe25292d03,deepseek-v4-flash-0731,poolact,tuning,nasbench101,hpobench:nasbench101:B,cost_tight,poolact,4,2208,3,True,True,scored_final_answer,completed_scored,task-abstention-v1,normal_loop_return,,False,False
1870,job_85859f9b6fab02dbb974f8da31f73826c905fce389076f2f4163a78081c2495a,deepseek-v4-flash-0731,poolact,tuning,nasbench101,hpobench:nasbench101:C,cost_tight,naive,4,2208,0,True,False,unscorable_missing_configuration,model_no_answer,task-abstention-v1,normal_loop_return,,True,True
1871,job_85859f9b6fab02dbb974f8da31f73826c905fce389076f2f4163a78081c2495a,deepseek-v4-flash-0731,poolact,tuning,nasbench101,hpobench:nasbench101:C,cost_tight,naive,4,2208,1,True,False,unscorable_missing_configuration,model_no_answer,task-abstention-v1,normal_loop_return,,True,True
1872,job_85859f9b6fab02dbb974f8da31f73826c905fce389076f2f4163a78081c2495a,deepseek-v4-flash-0731,poolact,tuning,nasbench101,hpobench:nasbench101:C,cost_tight,naive,4,2208,2,True,True,scored_final_answer,completed_scored,task-abstention-v1,normal_loop_return,,False,False
1873,job_85859f9b6fab02dbb974f8da31f73826c905fce389076f2f4163a78081c2495a,deepseek-v4-flash-0731,poolact,tuning,nasbench101,hpobench:nasbench101:C,cost_tight,naive,4,2208,3,True,True,scored_final_answer,completed_scored,task-abstention-v1,normal_loop_return,,False,False
1874,job_cde62020664bb4081ae568eb3b8192967425a7a366ace19cddf211899d2561fe,deepseek-v4-flash-0731,poolact,tuning,nasbench101,hpobench:nasbench101:C,cost_tight,cached,4,2208,0,True,True,scored_final_answer,completed_scored,task-abstention-v1,normal_loop_return,,False,False
1875,job_cde62020664bb4081ae568eb3b8192967425a7a366ace19cddf211899d2561fe,deepseek-v4-flash-0731,poolact,tuning,nasbench101,hpobench:nasbench101:C,cost_tight,cached,4,2208,1,True,True,scored_final_answer,completed_scored,task-abstention-v1,normal_loop_return,,False,False
1876,job_cde62020664bb4081ae568eb3b8192967425a7a366ace19cddf211899d2561fe,deepseek-v4-flash-0731,poolact,tuning,nasbench101,hpobench:nasbench101:C,cost_tight,cached,4,2208,2,True,True,scored_final_answer,completed_scored,task-abstention-v1,normal_loop_return,,False,False
1877,job_cde62020664bb4081ae568eb3b8192967425a7a366ace19cddf211899d2561fe,deepseek-v4-flash-0731,poolact,tuning,nasbench101,hpobench:nasbench101:C,cost_tight,cached,4,2208,3,True,False,unscorable_missing_configuration,model_no_answer,task-abstention-v1,normal_loop_return,,True,True
1878,job_20124e583112c04d285c786a7d6932c5274824d29c46f329ff54a20d3eb5ed77,deepseek-v4-flash-0731,poolact,tuning,nasbench101,hpobench:nasbench101:C,cost_tight,poolact,4,2208,0,True,True,scored_final_answer,completed_scored,task-abstention-v1,normal_loop_return,,False,False
1879,job_20124e583112c04d285c786a7d6932c5274824d29c46f329ff54a20d3eb5ed77,deepseek-v4-flash-0731,poolact,tuning,nasbench101,hpobench:nasbench101:C,cost_tight,poolact,4,2208,1,True,True,scored_final_answer,completed_scored,task-abstention-v1,normal_loop_return,,False,False
1880,job_20124e583112c04d285c786a7d6932c5274824d29c46f329ff54a20d3eb5ed77,deepseek-v4-flash-0731,poolact,tuning,nasbench101,hpobench:nasbench101:C,cost_tight,poolact,4,2208,2,True,False,unscorable_missing_configuration,model_no_answer,task-abstention-v1,normal_loop_return,,True,True
1881,job_20124e583112c04d285c786a7d6932c5274824d29c46f329ff54a20d3eb5ed77,deepseek-v4-flash-0731,poolact,tuning,nasbench101,hpobench:nasbench101:C,cost_tight,poolact,4,2208,3,True,False,unscorable_missing_configuration,model_no_answer,task-abstention-v1,normal_loop_return,,True,True
