slot_id,agent_id,message_id,message_index,new_accepts,new_answer_sha256,old_accepts,old_answer_sha256,raw_sha256
e4a3de7414124ba25ae424c0,2,,22,True,41d202085803ccebbb7af870409597aba0887c4c1f7f1f100c137736a5f05c43,False,74234e98afe7498fb5daf1f36ac2d78acc339464f950703b8c019892f982b90b,a869744e7a2caa2026705579e06c25d56554e2700674775c477a18278ff05bd0
e4a3de7414124ba25ae424c0,3,,22,True,2b351fcf0113a9122a5cd7ac5b80862e3f66d61a24044bd7b721ecd86e4e0fb9,False,74234e98afe7498fb5daf1f36ac2d78acc339464f950703b8c019892f982b90b,4af9d2816c054e1d58057ce204b66e1b5f743edcc9ededa743221eeee581f4ee
aa8511993d6ec60b40bac3d5,1,,22,True,e65473ce4a0f5e8d5d62fe906e22f22fc1aab95746bb03bb17495c62531712be,False,74234e98afe7498fb5daf1f36ac2d78acc339464f950703b8c019892f982b90b,cc51f65ba9e4db0adc175bae8ef476b7553a867d2fa931d247bd5bb403a2f1d2
aa8511993d6ec60b40bac3d5,2,,22,True,cda5abcba2b28a8dd4ef700267b0debf446578e575f1d61d8a91d0e331f1737c,False,74234e98afe7498fb5daf1f36ac2d78acc339464f950703b8c019892f982b90b,df95eae4397b597c90c27fdb7b30d0965b34dd452478a41d7eea7b09af015cd2
b61bf7439794536f53c71d69,0,,22,True,e81a3d9d68802a71af3fc418644d7560de9c459d987e00e9aee509292bd25794,False,74234e98afe7498fb5daf1f36ac2d78acc339464f950703b8c019892f982b90b,2081df0a21d589f74a16e4697f1405df8d2ccaf0238fcdea79b153270a0fc49e
c52650f11387ce2601b652b9,2,,20,True,1ab6d276bda8096ade65237e9321f721b96956044707593172b39c8e05af977b,False,74234e98afe7498fb5daf1f36ac2d78acc339464f950703b8c019892f982b90b,393b8dbdab7bbdd2a9f657020e5cb68d5083833e5d9975aa159d841396c892fa
34147bb84bd134f2b3322cec,3,,20,True,34ceee960215e700130aee34743f09d5985a8b7fd31929d0d4cfa1fd67ff385d,False,74234e98afe7498fb5daf1f36ac2d78acc339464f950703b8c019892f982b90b,a55bb7128c020c1fecac38d81ccae9ca02f94860416e2dc97bd98830df7aa068
e2b70fd229e0ad9833f041fc,3,,20,True,a33dd4c60ce15185b3d8223e9444fd8fda400825f096717264874bdd88f34a38,False,74234e98afe7498fb5daf1f36ac2d78acc339464f950703b8c019892f982b90b,47b80e1ef58830daa9d629e6806a39e2e4d70a58d04873ecb8a01a7d307db49a
fd9c7b49ec22cbc344c16ad4,2,,20,True,fdd0fe83aaa75c3237811e43dbbef231a233b4af887c047fc2a0ee1e081d4fb2,False,74234e98afe7498fb5daf1f36ac2d78acc339464f950703b8c019892f982b90b,3fcdcc254112911f342c4b52dee694f1cbd9bd8ffd49a1c4f5d6c85954f05c71
b17fc226bb045789df8c3d49,3,,22,True,a97c7ae8946e00c9683f6791f9ee55c8a32243ada07742813abef370140c9b67,False,74234e98afe7498fb5daf1f36ac2d78acc339464f950703b8c019892f982b90b,c9c7d438dea27a55f8d2e79066474024e5c5ba674671979288301f1f39f5a3dd
2a395d2e30d11c9e0cd0c6d0,0,,20,True,63a383530112ecbab751c2a4d336480179746d90317102b88318be0c3ce4acc2,False,74234e98afe7498fb5daf1f36ac2d78acc339464f950703b8c019892f982b90b,175f72590fd5889b810460735fb1800f8a6a8bb88864e49a69e4605f283633e1
941c70666d56f9ac7aeee5b0,0,,13,False,74234e98afe7498fb5daf1f36ac2d78acc339464f950703b8c019892f982b90b,True,ab037f270de98e71d99478fb08923456632d0ee38d23df4d7b7d71e64dd49f42,0659dde2bbb6c38cd66519cf56c60f4a9481bfe9f1ef78549bbf1d2775461563
bbd9e7d8a34bfb0c76395570,-1,m0055,54,True,7344ceb1be4ff27d9ed1a816f733f4131cb01ad0588b0b260a95c00dac23f9bf,False,74234e98afe7498fb5daf1f36ac2d78acc339464f950703b8c019892f982b90b,3623c5b93f71f43cec252fd4278d08b2d80dd5c4b9ddccea55ec899668f9dc57
d54da21543d4c5d5267cf280,-1,m0012,11,True,6a95d55db8ca9f7c093920b0daadcacc31e2ef655017f2050a5ced570b4bd610,False,74234e98afe7498fb5daf1f36ac2d78acc339464f950703b8c019892f982b90b,2dea4867a6639a1e6fdec42e1de27ab04a3b2aca26b3655b6f0dc94942d6a37f
d67c769bf1e64fefbbc93e94,0,,20,True,8ed60ebea242130fdc2c73b99ba81496e5d663981fd5f9aa407c682306e0f4d3,False,74234e98afe7498fb5daf1f36ac2d78acc339464f950703b8c019892f982b90b,631928a60b4182ebcd5b606e8df1f921bb01248a98f4addb30935d486f0d3adc
1af4cc84a9789c34054221ad,1,,22,True,d1f3180ca10d93510728ad323a5d77a3df432434b4a5034af11281fab21275c8,False,74234e98afe7498fb5daf1f36ac2d78acc339464f950703b8c019892f982b90b,5642cfd718fc6d00be03e0daf85f1e5b0ca34d43aae3b964256320977d044e85
7415b559c9ae98c15b028021,0,,20,True,e8db43ab61a14ee5ee1fec8c300af453a18fc2034933d187f0b7b6f632d38548,False,74234e98afe7498fb5daf1f36ac2d78acc339464f950703b8c019892f982b90b,f039e77c4a0d11c0507c1bd07762bd36f15b6f4667b7e641e21fa9ed56e1f7d2
45838801285306246f30f575,0,,22,True,a9116fd3b8c4324c1bfa39b77ba6e2567073ed10209344bbf3fc284a33c296f0,False,74234e98afe7498fb5daf1f36ac2d78acc339464f950703b8c019892f982b90b,f9223d30d59ed3287d3bca06fd2c6e9d890324a913db93b6d2c875207ef5174a
f89ad4badf4c758833244ebb,2,,20,True,fe104e807d260e7567fe959374d1f256cfcbe86ee0b91855a503d4fa375d7041,False,74234e98afe7498fb5daf1f36ac2d78acc339464f950703b8c019892f982b90b,b8c478086a3a9a74ab147d6ade0cc58988030b39f2abb2757a1d0ca8845a659e
e0d5f2259519e3141c3b434d,1,,20,True,2dfc427b47b5d58f6e4e51e6cadc652bae56924bec72813d484d65848281d12a,False,74234e98afe7498fb5daf1f36ac2d78acc339464f950703b8c019892f982b90b,4a7afee76faa26f63b4d77851a0c3f2d4596f0ef654295e1d3de4fc1a9fc049d
e0d5f2259519e3141c3b434d,3,,20,True,75a5f258cf57c21e1eb4808f59d5d4ea24c3ec6d637a5318dca5bee9ba5d4ab2,False,74234e98afe7498fb5daf1f36ac2d78acc339464f950703b8c019892f982b90b,6fb41ca51c28ee9bacfb7a5057e26c2305c1af56dec27e1eb1a6a7061087178d
c71943652fd8b85b914b258f,3,,22,True,094f2153305df7d12138bd0c80707a8f4e63feabd86bc87497b21b217063b8d9,False,74234e98afe7498fb5daf1f36ac2d78acc339464f950703b8c019892f982b90b,ca5505bdc8c4d1e4152b69d6f51a18699e8c8e1a9a32684ea49088a4a9f85ab8
63286b184c2fa48ded49005b,3,,22,True,a97c7ae8946e00c9683f6791f9ee55c8a32243ada07742813abef370140c9b67,False,74234e98afe7498fb5daf1f36ac2d78acc339464f950703b8c019892f982b90b,0042d7ec765de877f3fccdcff74ece2a03908919bc9730cd3f5198c7a21db74e
efdd63d3b5c0599458713c62,3,,8,True,0e8064b24674e89429a27f5cb955fa30519a4a4374e0df73960b546945ad1ddc,False,74234e98afe7498fb5daf1f36ac2d78acc339464f950703b8c019892f982b90b,8970ff90d0070255acc61b8ad2c0cea3b6dbd3fd7bfcfc91dbbaa242e8894e28
17f16ab49e40134d09e4f126,1,,10,True,1b557283d32f597930b7f707dde9580e45ff4d179614053658e667348eb0f1a5,False,74234e98afe7498fb5daf1f36ac2d78acc339464f950703b8c019892f982b90b,109cb9d8055050dbef2aa23392b4293fd7d7a1cb7016caf09c62a5205cc30f9a
