slot_id,model,system,scenario,regime,strategy,item,seed,legacy_metrics_json,existing_trace_rescored_metrics_json,new_runtime_metrics_json,changed_from_legacy,changed_from_existing_trace_rescore,selection_reason,source_layer,old_result_sha256,result_sha256,new_job_id
17f16ab49e40134d09e4f126,qwen3.8-2.4t-a95b-fp8,poolact,restricted_search,cost_moderate,poolact,phantom_seed2:12,2200,"{""f1_mi"":1.0,""f1_mv"":1.0}","{""f1_mi"": 1.0, ""f1_mv"": 1.0}","{""f1_mi"":1.0,""f1_mv"":1.0}",False,False,raw_API_verified_earlier_natural_stop,new_runtime_control,1c4e2f1c8129efbd6fb0bca63a7da6586d8f92ef62ce716807af3dcaced0cdd6,3d8b9d7d69000799c5ee196852de584aa5a4ed4aa315c713cbab94cb7ef702b2,job_f7164246e7c863829aa269176d8f00f9a237d4316fd21a5d8e3c09692da1ccc0
1af4cc84a9789c34054221ad,qwen3.8-2.4t-a95b-fp8,poolact,evidence_audit,cost_moderate,naive,cc-large:1,2200,"{""evidence_acc_mi"":0.7058823529411765,""evidence_acc_mv"":0.7647058823529411,""label_acc_mi"":0.8823529411764706,""label_acc_mv"":0.8823529411764706}","{""evidence_acc_mi"": 0.7058823529411765, ""evidence_acc_mv"": 0.7647058823529411, ""label_acc_mi"": 0.8823529411764706, ""label_acc_mv"": 0.8823529411764706}","{""evidence_acc_mi"":0.7352941176470589,""evidence_acc_mv"":0.7647058823529411,""label_acc_mi"":0.8823529411764706,""label_acc_mv"":0.8823529411764706}",True,True,raw_API_verified_earlier_natural_stop,new_runtime_control,d23485a47511a586146ca842c6f845dd9cf1634bceb0540d871722c331e0ce10,e87be6e8f73cc54a752642796cd7bf11016a2267e0fecea43545a915c635467c,job_3ef6fc29a3e3bf2550a9292e2f70a83d39b34a1ec01189f23b440e45b03f299d
2a395d2e30d11c9e0cd0c6d0,deepseek-v4-flash-0731,poolact,evidence_audit,cost_moderate,poolact,cc-large:9,2200,"{""evidence_acc_mi"":1.0,""evidence_acc_mv"":1.0,""label_acc_mi"":0.8970588235294117,""label_acc_mv"":0.8823529411764706}","{""evidence_acc_mi"": 1.0, ""evidence_acc_mv"": 1.0, ""label_acc_mi"": 0.8970588235294117, ""label_acc_mv"": 0.8823529411764706}","{""evidence_acc_mi"":0.9411764705882353,""evidence_acc_mv"":1.0,""label_acc_mi"":0.8823529411764706,""label_acc_mv"":0.9411764705882353}",True,True,raw_API_verified_earlier_natural_stop,new_runtime_control,3998427e3c3472d7a8b5a597e5c6dc9931619ebd38154a24ead7d3af5e2221c3,0fd755ea27e024c2c9d4a044322329d2bbc8f47b6c6ec6a7b6d7f1e4d6075e67,job_7cf90282d8ac74e979f34ffced4832f5f49dc8cc0ae56bfc31f68f25a0f05a7d
34147bb84bd134f2b3322cec,deepseek-v4-flash-0731,poolact,evidence_audit,cost_moderate,poolact,cc-large:2,2200,"{""evidence_acc_mi"":1.0,""evidence_acc_mv"":1.0,""label_acc_mi"":0.9705882352941176,""label_acc_mv"":1.0}","{""evidence_acc_mi"": 1.0, ""evidence_acc_mv"": 1.0, ""label_acc_mi"": 0.9705882352941176, ""label_acc_mv"": 1.0}","{""evidence_acc_mi"":1.0,""evidence_acc_mv"":1.0,""label_acc_mi"":1.0,""label_acc_mv"":1.0}",True,True,raw_API_verified_earlier_natural_stop,new_runtime_control,e438c53db6878aa285413ab18a1ffcd44d35af7a7275a49d9dc6a2fe35f9004d,516a0eb47af74350151a345ef89c3e96e5a501727d75edc7dc3716d54b432cb8,job_7d4704d336d9224609cdcbd9be6abe44fda456cb63fc799f9cf22e155e4db847
45838801285306246f30f575,qwen3.8-2.4t-a95b-fp8,poolact,evidence_audit,cost_moderate,naive,cc-large:9,2200,"{""evidence_acc_mi"":0.5882352941176471,""evidence_acc_mv"":0.47058823529411764,""label_acc_mi"":0.8088235294117647,""label_acc_mv"":0.8235294117647058}","{""evidence_acc_mi"": 0.5882352941176471, ""evidence_acc_mv"": 0.47058823529411764, ""label_acc_mi"": 0.8088235294117647, ""label_acc_mv"": 0.8235294117647058}","{""evidence_acc_mi"":0.6617647058823529,""evidence_acc_mv"":0.8235294117647058,""label_acc_mi"":0.8088235294117647,""label_acc_mv"":0.8235294117647058}",True,True,raw_API_verified_earlier_natural_stop,new_runtime_control,f880e7614396505c973aae4203d13dd6ee18fb087b512479a7c4d4ba8f3cf302,3e28d0fffd888e4ad87714ee845d4a13dfb76600f013701d4cfc17c59d196b9c,job_70e65aa9e5f054e0fdc7aa284f5cff5a23555e05b98d3d1ae2800fc18425228a
63286b184c2fa48ded49005b,qwen3.8-2.4t-a95b-fp8,poolact,evidence_audit,cost_moderate,poolact,cc-large:8,2200,"{""evidence_acc_mi"":0.9117647058823529,""evidence_acc_mv"":1.0,""label_acc_mi"":0.9852941176470589,""label_acc_mv"":1.0}","{""evidence_acc_mi"": 0.9117647058823529, ""evidence_acc_mv"": 1.0, ""label_acc_mi"": 0.9852941176470589, ""label_acc_mv"": 1.0}","{""evidence_acc_mi"":0.75,""evidence_acc_mv"":1.0,""label_acc_mi"":0.75,""label_acc_mv"":1.0}",True,True,raw_API_verified_earlier_natural_stop,new_runtime_control,a154e666801c8b897db3f6c9689772c1bf0477e86014737859704f98eccb31f1,84dbe3f252122098c1b51f75b9c2fa4d533936eadff8155a0599301f22e065f6,job_2f04e0ec98e8fa94e3d0e9c4417d6bde72f608c6346da7cd13ff369bee50c7b7
7415b559c9ae98c15b028021,qwen3.8-2.4t-a95b-fp8,poolact,evidence_audit,cost_moderate,naive,cc-large:2,2200,"{""evidence_acc_mi"":0.8676470588235294,""evidence_acc_mv"":0.8823529411764706,""label_acc_mi"":0.838235294117647,""label_acc_mv"":0.8823529411764706}","{""evidence_acc_mi"": 0.8676470588235294, ""evidence_acc_mv"": 0.8823529411764706, ""label_acc_mi"": 0.838235294117647, ""label_acc_mv"": 0.8823529411764706}","{""evidence_acc_mi"":0.8823529411764706,""evidence_acc_mv"":0.8823529411764706,""label_acc_mi"":0.8529411764705882,""label_acc_mv"":0.8823529411764706}",True,True,raw_API_verified_earlier_natural_stop,new_runtime_control,056d63670002d074a60e3b0ed11f00aa709917f9b924bac6ab00fb92f12e805b,5470138ca6ef010adf75fd618d4bd8fc498a768561d22b3fdd3981920d759541,job_6145f065ba4808365d1e24dbd19ea9341ecacf9491ee382cbcd5925cbff7a1db
aa8511993d6ec60b40bac3d5,deepseek-v4-flash-0731,poolact,evidence_audit,cost_moderate,poolact,cc-large:10,2200,"{""evidence_acc_mi"":0.6029411764705883,""evidence_acc_mv"":0.5882352941176471,""label_acc_mi"":1.0,""label_acc_mv"":1.0}","{""evidence_acc_mi"": 0.6029411764705883, ""evidence_acc_mv"": 0.5882352941176471, ""label_acc_mi"": 1.0, ""label_acc_mv"": 1.0}","{""evidence_acc_mi"":0.6029411764705883,""evidence_acc_mv"":0.6470588235294118,""label_acc_mi"":0.9117647058823529,""label_acc_mv"":0.9411764705882353}",True,True,raw_API_verified_earlier_natural_stop,new_runtime_control,ab84266c42291e56e95a058e097a1d03eef03e7194394fafc517dcc541f7f4de,786815fa469b0b36360bee8d1d49a324346e40d06aef5537e80fa2c6ab0d5bf1,job_7f7c5a18794dd705ab3f3f44f4d76c9e13a193602dddbe96183ed96d5414e703
b17fc226bb045789df8c3d49,deepseek-v4-flash-0731,poolact,evidence_audit,cost_moderate,poolact,cc-large:8,2200,"{""evidence_acc_mi"":1.0,""evidence_acc_mv"":1.0,""label_acc_mi"":1.0,""label_acc_mv"":1.0}","{""evidence_acc_mi"": 1.0, ""evidence_acc_mv"": 1.0, ""label_acc_mi"": 1.0, ""label_acc_mv"": 1.0}","{""evidence_acc_mi"":1.0,""evidence_acc_mv"":1.0,""label_acc_mi"":1.0,""label_acc_mv"":1.0}",False,False,raw_API_verified_earlier_natural_stop,new_runtime_control,ab7fb9f98b060113892a7ad6924296f1d0c2a2f417840c001b6b22ed8f12110c,0a928acb89ec5c72ab2be5ee4bd7d5aa90497faf67b5ffa43f1a6fc297556292,job_7f896c7d7b45cd27a6b8b90818fb37672bc6c3f43ddbb41729bd56d8587b4651
b61bf7439794536f53c71d69,deepseek-v4-flash-0731,poolact,evidence_audit,cost_moderate,poolact,cc-large:11,2200,"{""evidence_acc_mi"":0.9117647058823529,""evidence_acc_mv"":0.9411764705882353,""label_acc_mi"":1.0,""label_acc_mv"":1.0}","{""evidence_acc_mi"": 0.9117647058823529, ""evidence_acc_mv"": 0.9411764705882353, ""label_acc_mi"": 1.0, ""label_acc_mv"": 1.0}","{""evidence_acc_mi"":0.9558823529411764,""evidence_acc_mv"":1.0,""label_acc_mi"":0.9705882352941176,""label_acc_mv"":1.0}",True,True,raw_API_verified_earlier_natural_stop,new_runtime_control,70785951469b5fb66037b28a80c7e1f25adfe5210539306ed92db5042f7dfda9,1b50208310cd5b3603b9fa95b2c867024f34a74edc702eea7f85a06f7b3bc029,job_9ca617400b7370c7b63138ace3640324cb0b40da8a06f0468ce9b42c17bdedcb
bbd9e7d8a34bfb0c76395570,qwen3.8-2.4t-a95b-fp8,expgym,evidence_audit,cost_free,single,cc-large:7,2201,"{""evidence_acc"":1.0,""label_acc"":1.0}","{""evidence_acc"": 1.0, ""label_acc"": 1.0}","{""evidence_acc"":1.0,""label_acc"":1.0}",False,False,raw_API_verified_earlier_natural_stop,new_runtime_control,8de6f6ed338cca8881f8ed06172335243ab255ffed961e2cbb828a4cd9d52545,1526cef299ade759cd6babccd660c44ea7a0f644347fcb99beb5087d1a796f1a,job_7d7233188d3755044eb42c873b27ac5e206313e47208661e2746171e38035299
c52650f11387ce2601b652b9,deepseek-v4-flash-0731,poolact,evidence_audit,cost_moderate,poolact,cc-large:12,2200,"{""evidence_acc_mi"":1.0,""evidence_acc_mv"":1.0,""label_acc_mi"":1.0,""label_acc_mv"":1.0}","{""evidence_acc_mi"": 1.0, ""evidence_acc_mv"": 1.0, ""label_acc_mi"": 1.0, ""label_acc_mv"": 1.0}","{""evidence_acc_mi"":1.0,""evidence_acc_mv"":1.0,""label_acc_mi"":1.0,""label_acc_mv"":1.0}",False,False,raw_API_verified_earlier_natural_stop,new_runtime_control,c9570e36cbd2d832c80326bd7150937ac3147fdd3ed705190ff3ca22b8f14c95,6f2a078629a069f321bee1391b338351be8fbce6350dd91d12419936cfd64998,job_a94996c4b5c2e452c239f3ad794343ce1fb5ef9d0a37ab175f651fd426e327f1
c71943652fd8b85b914b258f,qwen3.8-2.4t-a95b-fp8,poolact,evidence_audit,cost_moderate,poolact,cc-large:7,2200,"{""evidence_acc_mi"":1.0,""evidence_acc_mv"":1.0,""label_acc_mi"":1.0,""label_acc_mv"":1.0}","{""evidence_acc_mi"": 1.0, ""evidence_acc_mv"": 1.0, ""label_acc_mi"": 1.0, ""label_acc_mv"": 1.0}","{""evidence_acc_mi"":1.0,""evidence_acc_mv"":1.0,""label_acc_mi"":1.0,""label_acc_mv"":1.0}",False,False,raw_API_verified_earlier_natural_stop,new_runtime_control,fd30c8ee1d53c7d0dab80b2ad5c983c1b121980c74818854618c6841c66c6762,901b1855957b31453f1efa74d0b76a27a1454c54ca56eeaab303e4c2de6009a4,job_639ad6e056045db6ed376c1f3be2899b1816f9983d386b02708f493ab98fa304
d54da21543d4c5d5267cf280,qwen3.8-2.4t-a95b-fp8,expgym,evidence_audit,cost_tight,single,cc-large:5,2202,"{""evidence_acc"":0.8823529411764706,""label_acc"":0.8235294117647058}","{""evidence_acc"": 0.8823529411764706, ""label_acc"": 0.8235294117647058}","{""evidence_acc"":0.8823529411764706,""label_acc"":0.8235294117647058}",False,False,raw_API_verified_earlier_natural_stop,new_runtime_control,b7c65f68018d4f82176aa8f368719cbf79644d67e99c9801172fd6b778fb4a9c,37cf2367edb1f2ab4cbe9eeee518d9f128463434072de501986251432a2bc11b,job_7b0fb33850f8b5e007db23c0675e6d254fa8bc1b5540002f77c3ce57b18720da
d67c769bf1e64fefbbc93e94,qwen3.8-2.4t-a95b-fp8,poolact,evidence_audit,cost_moderate,cached,cc-large:10,2200,"{""evidence_acc_mi"":0.4411764705882353,""evidence_acc_mv"":0.47058823529411764,""label_acc_mi"":0.9117647058823529,""label_acc_mv"":0.8823529411764706}","{""evidence_acc_mi"": 0.4411764705882353, ""evidence_acc_mv"": 0.47058823529411764, ""label_acc_mi"": 0.9117647058823529, ""label_acc_mv"": 0.9411764705882353}","{""evidence_acc_mi"":0.38235294117647056,""evidence_acc_mv"":0.4117647058823529,""label_acc_mi"":0.8235294117647058,""label_acc_mv"":0.8823529411764706}",True,True,raw_API_verified_earlier_natural_stop,new_runtime_control,191200492c609bff5919970fbed509d82881b02711e65969d9fca80f358c9c99,cb7e92a0aa2349c58246ee13abca1580a59ab11700dbba7e0a7dc688150c615d,job_19420d5c007ed87d8c0d9656125e3907aee6713167fcfba0d4f3a69020e5b6cc
e0d5f2259519e3141c3b434d,qwen3.8-2.4t-a95b-fp8,poolact,evidence_audit,cost_moderate,poolact,cc-large:4,2200,"{""evidence_acc_mi"":1.0,""evidence_acc_mv"":1.0,""label_acc_mi"":1.0,""label_acc_mv"":1.0}","{""evidence_acc_mi"": 1.0, ""evidence_acc_mv"": 1.0, ""label_acc_mi"": 1.0, ""label_acc_mv"": 1.0}","{""evidence_acc_mi"":1.0,""evidence_acc_mv"":1.0,""label_acc_mi"":1.0,""label_acc_mv"":1.0}",False,False,raw_API_verified_earlier_natural_stop,new_runtime_control,754b7b9db78c4701c0d31fddcab6cbe087ecd7edbe017c6f0894a05aaa37d402,504339d1bd2b896578f4e6b7b549c84296a9174b2def2065c4d2f55623b69c1b,job_a00348774c94feb636ac796759c1854e528e63a451de06de23a1f0138c3400a2
e2b70fd229e0ad9833f041fc,deepseek-v4-flash-0731,poolact,evidence_audit,cost_moderate,poolact,cc-large:3,2200,"{""evidence_acc_mi"":1.0,""evidence_acc_mv"":1.0,""label_acc_mi"":0.9411764705882353,""label_acc_mv"":0.9411764705882353}","{""evidence_acc_mi"": 1.0, ""evidence_acc_mv"": 1.0, ""label_acc_mi"": 0.9411764705882353, ""label_acc_mv"": 0.9411764705882353}","{""evidence_acc_mi"":1.0,""evidence_acc_mv"":1.0,""label_acc_mi"":0.9411764705882353,""label_acc_mv"":0.9411764705882353}",False,False,raw_API_verified_earlier_natural_stop,new_runtime_control,f00f3564772e7f2a918460554761f10decf11ddcbeccef542f7aa3e42727764f,dcd0bb4110dc8c54b8dce0a7ec6a4721c3d79a68206de1b26184f7f0ce54c327,job_3ef2b16f50552dd02dc3d0a88b9b97b4992b0a1eb5208e86223b1639c02cb689
e4a3de7414124ba25ae424c0,deepseek-v4-flash-0731,poolact,evidence_audit,cost_moderate,poolact,cc-large:0,2200,"{""evidence_acc_mi"":0.8529411764705882,""evidence_acc_mv"":0.8235294117647058,""label_acc_mi"":0.9264705882352942,""label_acc_mv"":0.9411764705882353}","{""evidence_acc_mi"": 0.8529411764705882, ""evidence_acc_mv"": 0.8235294117647058, ""label_acc_mi"": 0.9264705882352942, ""label_acc_mv"": 0.9411764705882353}","{""evidence_acc_mi"":0.75,""evidence_acc_mv"":0.7647058823529411,""label_acc_mi"":0.9558823529411764,""label_acc_mv"":1.0}",True,True,raw_API_verified_earlier_natural_stop,new_runtime_control,1fc00fb45047fb23670783452e47644b9e51d65ccb1901d04dbf32b02ebd5afa,b86b249d6b7b433181d2979ca998f73c64803ce30e4557ff0c6d7a11b12e18b6,job_d9f4a75faeec46b489de0c9cd02e94c542aefe8d4a4d5a9fe531ece55c5156c3
efdd63d3b5c0599458713c62,qwen3.8-2.4t-a95b-fp8,poolact,evidence_audit,cost_tight,poolact,cc-large:1,2200,"{""evidence_acc_mi"":0.6764705882352942,""evidence_acc_mv"":0.7058823529411765,""label_acc_mi"":0.8823529411764706,""label_acc_mv"":0.8823529411764706}","{""evidence_acc_mi"": 0.6764705882352942, ""evidence_acc_mv"": 0.7058823529411765, ""label_acc_mi"": 0.8823529411764706, ""label_acc_mv"": 0.8823529411764706}","{""evidence_acc_mi"":0.6470588235294118,""evidence_acc_mv"":0.6470588235294118,""label_acc_mi"":0.8823529411764706,""label_acc_mv"":0.8823529411764706}",True,True,raw_API_verified_earlier_natural_stop,new_runtime_control,9590f5f8d5cffe74b858a60b7929d329052713c8c29f2da0767e5a28660b552f,5fbae23e314445cc99f8c37187b8f8f3cc2b7fcbd57045942fd35f70409c7878,job_57a3cbb8f62f514ba266a0287686fccbfa02930de9e054698683c24cf98fc97f
f89ad4badf4c758833244ebb,qwen3.8-2.4t-a95b-fp8,poolact,evidence_audit,cost_moderate,poolact,cc-large:0,2200,"{""evidence_acc_mi"":0.6764705882352942,""evidence_acc_mv"":0.7058823529411765,""label_acc_mi"":1.0,""label_acc_mv"":1.0}","{""evidence_acc_mi"": 0.6764705882352942, ""evidence_acc_mv"": 0.7058823529411765, ""label_acc_mi"": 1.0, ""label_acc_mv"": 1.0}","{""evidence_acc_mi"":0.8088235294117647,""evidence_acc_mv"":0.8235294117647058,""label_acc_mi"":0.9558823529411764,""label_acc_mv"":0.9411764705882353}",True,True,raw_API_verified_earlier_natural_stop,new_runtime_control,8063b4f5be127cd38fb74efa3fc5f1ed662a5b74df331d8940393e774fa0bd82,2d8a4ddbdcf7a49f7cbac2dc8cb802fecf32b80f257f75e7c27a08191526ec97,job_677a99eccb7d30f3ef8725af9ee13fbc616171d9f271a37929cd5527ca702dc1
fd9c7b49ec22cbc344c16ad4,deepseek-v4-flash-0731,poolact,evidence_audit,cost_moderate,poolact,cc-large:5,2200,"{""evidence_acc_mi"":1.0,""evidence_acc_mv"":1.0,""label_acc_mi"":0.8823529411764706,""label_acc_mv"":0.8823529411764706}","{""evidence_acc_mi"": 1.0, ""evidence_acc_mv"": 1.0, ""label_acc_mi"": 0.8823529411764706, ""label_acc_mv"": 0.8823529411764706}","{""evidence_acc_mi"":1.0,""evidence_acc_mv"":1.0,""label_acc_mi"":0.8823529411764706,""label_acc_mv"":0.8823529411764706}",False,False,raw_API_verified_earlier_natural_stop,new_runtime_control,0b362e1cbb80a4dcbe897edc284df3ec94c65fbee1ca52f1c843e21ba6f6cd14,ddbca89c64378bea92e9c9408977bb3f242ea52673a15e0f269b3452c8c5b5fc,job_b618d8fee7dc9853ab7b37480994194325033efd0cb80c7998ba964bfbb8c17e
