completion_sha256,config_identity_sha256,data_identities_json,graph_sha256,initial_prompt_hashes_json,members,model,new_job_id,old_result_sha256,parser_sha256,react_loop_sha256,result_bytes,result_path,result_sha256,runtime_core_commit,runtime_snapshot_commit,runtime_source_tree_sha256,selection_reason,slot_id,source_layer
19bc7c9d8fca64ef5ee05745b081cec25eacf7b29051382a6790eba70725d58d,0e8c006ba684e21554dd2ec9d26bdbaf4c266270ca44fc9ecd5345e874d358f0,"[{""bytes"":88247,""role"":""questions"",""sha256"":""0bac202d2a2fed310d2cdae4d75a344011d108dc3f21231310692e864d28a795""},{""bytes"":858443,""role"":""corpus"",""sha256"":""3d896ca3bbb740f21aa6c9d3ccc82062a7664a0141e96bf749290b1789b26f33""}]",f7da6a20cdee00f47fc72632a4ba1bd86059c32c54f78a911d210bcd07ea41d7,"[{""agent_id"":0,""dynamic_shared_state_changed"":false,""new_full_sha256"":""1b5e25176bf75e5931e66cf462f5fd28c02ec4fe3852fc343bca937a54ab0c6b"",""old_full_sha256"":""1b5e25176bf75e5931e66cf462f5fd28c02ec4fe3852fc343bca937a54ab0c6b"",""position"":0,""static_sha256"":""1b5e25176bf75e5931e66cf462f5fd28c02ec4fe3852fc343bca937a54ab0c6b""},{""agent_id"":0,""dynamic_shared_state_changed"":true,""new_full_sha256"":""7c3c9a96a25d1e4c2d93bc07ceac7c3c5a5c929d3f483d673f1feacb01d2e641"",""old_full_sha256"":""1b492f3fa2828707451e4738985d5c8f560de877c6de7e1f82862243baaeffd1"",""position"":1,""static_sha256"":""1fea3368a44b43857ba0a070856cf8bbf420f4387744ef3e45c2b305863d7100""},{""agent_id"":1,""dynamic_shared_state_changed"":false,""new_full_sha256"":""1b5e25176bf75e5931e66cf462f5fd28c02ec4fe3852fc343bca937a54ab0c6b"",""old_full_sha256"":""1b5e25176bf75e5931e66cf462f5fd28c02ec4fe3852fc343bca937a54ab0c6b"",""position"":0,""static_sha256"":""1b5e25176bf75e5931e66cf462f5fd28c02ec4fe3852fc343bca937a54ab0c6b""},{""agent_id"":1,""dynamic_shared_state_changed"":true,""new_full_sha256"":""54005a9393708bc85944c5125777d8a6dc80093d7e6b14d63f0034f11ee43868"",""old_full_sha256"":""1fea3368a44b43857ba0a070856cf8bbf420f4387744ef3e45c2b305863d7100"",""position"":1,""static_sha256"":""1fea3368a44b43857ba0a070856cf8bbf420f4387744ef3e45c2b305863d7100""},{""agent_id"":2,""dynamic_shared_state_changed"":false,""new_full_sha256"":""1b5e25176bf75e5931e66cf462f5fd28c02ec4fe3852fc343bca937a54ab0c6b"",""old_full_sha256"":""1b5e25176bf75e5931e66cf462f5fd28c02ec4fe3852fc343bca937a54ab0c6b"",""position"":0,""static_sha256"":""1b5e25176bf75e5931e66cf462f5fd28c02ec4fe3852fc343bca937a54ab0c6b""},{""agent_id"":2,""dynamic_shared_state_changed"":true,""new_full_sha256"":""7f7cf95c42ebd3d81ee8eb9891b2381f5906db099cb0934667c6f90b59c5383e"",""old_full_sha256"":""9c19b08145dc5d51bea674cc1a08fc4584f9d9e2367fc968a5f4c5262bd0264a"",""position"":1,""static_sha256"":""1fea3368a44b43857ba0a070856cf8bbf420f4387744ef3e45c2b305863d7100""},{""agent_id"":3,""dynamic_shared_state_changed"":false,""new_full_sha256"":""1b5e25176bf75e5931e66cf462f5fd28c02ec4fe3852fc343bca937a54ab0c6b"",""old_full_sha256"":""1b5e25176bf75e5931e66cf462f5fd28c02ec4fe3852fc343bca937a54ab0c6b"",""position"":0,""static_sha256"":""1b5e25176bf75e5931e66cf462f5fd28c02ec4fe3852fc343bca937a54ab0c6b""},{""agent_id"":3,""dynamic_shared_state_changed"":true,""new_full_sha256"":""1fea3368a44b43857ba0a070856cf8bbf420f4387744ef3e45c2b305863d7100"",""old_full_sha256"":""4afd4c11d4ef53fbec2794fe0ebae99fc16cb1f5faeb214328f7e95ff7d98c6f"",""position"":1,""static_sha256"":""1fea3368a44b43857ba0a070856cf8bbf420f4387744ef3e45c2b305863d7100""}]",4,qwen3.8-2.4t-a95b-fp8,job_f7164246e7c863829aa269176d8f00f9a237d4316fd21a5d8e3c09692da1ccc0,1c4e2f1c8129efbd6fb0bca63a7da6586d8f92ef62ce716807af3dcaced0cdd6,6b09495845fa6c1dc324a82ba471bcfba59265aaa4912ff0acf8307239e84bed,80d58f390299f0551b29aae5b88a7a98a998dcb4e8ba8df37db1d53600532253,133919,runs/aux-controls/qwen/invocations/job_f7164246e7c863829aa269176d8f00f9a237d4316fd21a5d8e3c09692da1ccc0/result/poolact/result.json,3d8b9d7d69000799c5ee196852de584aa5a4ed4aa315c713cbab94cb7ef702b2,0e6c51b6d86f42437038518c2fc8adc510901c0b,ffca5704580b75e254f6e52dd4fe9dff104b1be8,cb2fe024256e8f2e7eaf882cd34af2fd7217ba1af21e6f7d9f23243f50a09f02,raw_API_verified_new_earlier_natural_stop,17f16ab49e40134d09e4f126,new_runtime_control
9991e109d80baf8bc516ec7f52b69d4247ec09002c346fc6d477e1563750d17d,af9d4a876f719b24cb9398a7b199ac0b57c4747e97ef8c9c90445592ec6c730e,"[{""bytes"":3409739,""role"":""evidence"",""sha256"":""a81e3ecfc1d423f11289a1711ccd4d5cf3167f4d75576f5180bcc0b4c928fd23""},{""bytes"":5545,""role"":""hints"",""sha256"":""25e9a4092a2688dcb1e933161056b4a6362e1b3941610fd0b5aa205745c96c59""}]",f7da6a20cdee00f47fc72632a4ba1bd86059c32c54f78a911d210bcd07ea41d7,"[{""agent_id"":0,""dynamic_shared_state_changed"":false,""new_full_sha256"":""1b5e25176bf75e5931e66cf462f5fd28c02ec4fe3852fc343bca937a54ab0c6b"",""old_full_sha256"":""1b5e25176bf75e5931e66cf462f5fd28c02ec4fe3852fc343bca937a54ab0c6b"",""position"":0,""static_sha256"":""1b5e25176bf75e5931e66cf462f5fd28c02ec4fe3852fc343bca937a54ab0c6b""},{""agent_id"":0,""dynamic_shared_state_changed"":false,""new_full_sha256"":""c1ab62db746826c532e9315f2ba7981038300e811abdffdaebf7b2ef5964adb4"",""old_full_sha256"":""c1ab62db746826c532e9315f2ba7981038300e811abdffdaebf7b2ef5964adb4"",""position"":1,""static_sha256"":""c1ab62db746826c532e9315f2ba7981038300e811abdffdaebf7b2ef5964adb4""},{""agent_id"":1,""dynamic_shared_state_changed"":false,""new_full_sha256"":""1b5e25176bf75e5931e66cf462f5fd28c02ec4fe3852fc343bca937a54ab0c6b"",""old_full_sha256"":""1b5e25176bf75e5931e66cf462f5fd28c02ec4fe3852fc343bca937a54ab0c6b"",""position"":0,""static_sha256"":""1b5e25176bf75e5931e66cf462f5fd28c02ec4fe3852fc343bca937a54ab0c6b""},{""agent_id"":1,""dynamic_shared_state_changed"":false,""new_full_sha256"":""c1ab62db746826c532e9315f2ba7981038300e811abdffdaebf7b2ef5964adb4"",""old_full_sha256"":""c1ab62db746826c532e9315f2ba7981038300e811abdffdaebf7b2ef5964adb4"",""position"":1,""static_sha256"":""c1ab62db746826c532e9315f2ba7981038300e811abdffdaebf7b2ef5964adb4""},{""agent_id"":2,""dynamic_shared_state_changed"":false,""new_full_sha256"":""1b5e25176bf75e5931e66cf462f5fd28c02ec4fe3852fc343bca937a54ab0c6b"",""old_full_sha256"":""1b5e25176bf75e5931e66cf462f5fd28c02ec4fe3852fc343bca937a54ab0c6b"",""position"":0,""static_sha256"":""1b5e25176bf75e5931e66cf462f5fd28c02ec4fe3852fc343bca937a54ab0c6b""},{""agent_id"":2,""dynamic_shared_state_changed"":false,""new_full_sha256"":""c1ab62db746826c532e9315f2ba7981038300e811abdffdaebf7b2ef5964adb4"",""old_full_sha256"":""c1ab62db746826c532e9315f2ba7981038300e811abdffdaebf7b2ef5964adb4"",""position"":1,""static_sha256"":""c1ab62db746826c532e9315f2ba7981038300e811abdffdaebf7b2ef5964adb4""},{""agent_id"":3,""dynamic_shared_state_changed"":false,""new_full_sha256"":""1b5e25176bf75e5931e66cf462f5fd28c02ec4fe3852fc343bca937a54ab0c6b"",""old_full_sha256"":""1b5e25176bf75e5931e66cf462f5fd28c02ec4fe3852fc343bca937a54ab0c6b"",""position"":0,""static_sha256"":""1b5e25176bf75e5931e66cf462f5fd28c02ec4fe3852fc343bca937a54ab0c6b""},{""agent_id"":3,""dynamic_shared_state_changed"":false,""new_full_sha256"":""c1ab62db746826c532e9315f2ba7981038300e811abdffdaebf7b2ef5964adb4"",""old_full_sha256"":""c1ab62db746826c532e9315f2ba7981038300e811abdffdaebf7b2ef5964adb4"",""position"":1,""static_sha256"":""c1ab62db746826c532e9315f2ba7981038300e811abdffdaebf7b2ef5964adb4""}]",4,qwen3.8-2.4t-a95b-fp8,job_3ef6fc29a3e3bf2550a9292e2f70a83d39b34a1ec01189f23b440e45b03f299d,d23485a47511a586146ca842c6f845dd9cf1634bceb0540d871722c331e0ce10,6b09495845fa6c1dc324a82ba471bcfba59265aaa4912ff0acf8307239e84bed,80d58f390299f0551b29aae5b88a7a98a998dcb4e8ba8df37db1d53600532253,387970,runs/aux-controls/qwen/invocations/job_3ef6fc29a3e3bf2550a9292e2f70a83d39b34a1ec01189f23b440e45b03f299d/result/naive/result.json,e87be6e8f73cc54a752642796cd7bf11016a2267e0fecea43545a915c635467c,0e6c51b6d86f42437038518c2fc8adc510901c0b,ffca5704580b75e254f6e52dd4fe9dff104b1be8,cb2fe024256e8f2e7eaf882cd34af2fd7217ba1af21e6f7d9f23243f50a09f02,raw_API_verified_new_earlier_natural_stop,1af4cc84a9789c34054221ad,new_runtime_control
ed65815064426543d4b6cba50ef4fa898a5ec7803a35125e47baa3411011ff88,a3f7ebde71766e370de24dcf81793967c12005c26d7f6d6af49f4a872a507d8c,"[{""bytes"":3409739,""role"":""evidence"",""sha256"":""a81e3ecfc1d423f11289a1711ccd4d5cf3167f4d75576f5180bcc0b4c928fd23""},{""bytes"":5545,""role"":""hints"",""sha256"":""25e9a4092a2688dcb1e933161056b4a6362e1b3941610fd0b5aa205745c96c59""}]",f7da6a20cdee00f47fc72632a4ba1bd86059c32c54f78a911d210bcd07ea41d7,"[{""agent_id"":0,""dynamic_shared_state_changed"":false,""new_full_sha256"":""1b5e25176bf75e5931e66cf462f5fd28c02ec4fe3852fc343bca937a54ab0c6b"",""old_full_sha256"":""1b5e25176bf75e5931e66cf462f5fd28c02ec4fe3852fc343bca937a54ab0c6b"",""position"":0,""static_sha256"":""1b5e25176bf75e5931e66cf462f5fd28c02ec4fe3852fc343bca937a54ab0c6b""},{""agent_id"":0,""dynamic_shared_state_changed"":true,""new_full_sha256"":""d33eb8592754474061837a4799fca8a240cb3d626fba8710068bf983d6814c4d"",""old_full_sha256"":""408c26430b72e93e8900cf834c2fc99abffdbced7da780975ab591c79653e2ad"",""position"":1,""static_sha256"":""9ea1de9f5a6196a09049bbf464d10a34d6c1578bb9059902795b1603c3dd96c2""},{""agent_id"":1,""dynamic_shared_state_changed"":false,""new_full_sha256"":""1b5e25176bf75e5931e66cf462f5fd28c02ec4fe3852fc343bca937a54ab0c6b"",""old_full_sha256"":""1b5e25176bf75e5931e66cf462f5fd28c02ec4fe3852fc343bca937a54ab0c6b"",""position"":0,""static_sha256"":""1b5e25176bf75e5931e66cf462f5fd28c02ec4fe3852fc343bca937a54ab0c6b""},{""agent_id"":1,""dynamic_shared_state_changed"":true,""new_full_sha256"":""43a50e501b564cd73ce7936e61974a91fa8888e2693944f01c16e6b5c0c075b1"",""old_full_sha256"":""9ea1de9f5a6196a09049bbf464d10a34d6c1578bb9059902795b1603c3dd96c2"",""position"":1,""static_sha256"":""9ea1de9f5a6196a09049bbf464d10a34d6c1578bb9059902795b1603c3dd96c2""},{""agent_id"":2,""dynamic_shared_state_changed"":false,""new_full_sha256"":""1b5e25176bf75e5931e66cf462f5fd28c02ec4fe3852fc343bca937a54ab0c6b"",""old_full_sha256"":""1b5e25176bf75e5931e66cf462f5fd28c02ec4fe3852fc343bca937a54ab0c6b"",""position"":0,""static_sha256"":""1b5e25176bf75e5931e66cf462f5fd28c02ec4fe3852fc343bca937a54ab0c6b""},{""agent_id"":2,""dynamic_shared_state_changed"":true,""new_full_sha256"":""9ea1de9f5a6196a09049bbf464d10a34d6c1578bb9059902795b1603c3dd96c2"",""old_full_sha256"":""f9a3c1e47f31cfff5405ad4ea7a6edd9148a4a7fa41e0fd7cb92916c36f0b907"",""position"":1,""static_sha256"":""9ea1de9f5a6196a09049bbf464d10a34d6c1578bb9059902795b1603c3dd96c2""},{""agent_id"":3,""dynamic_shared_state_changed"":false,""new_full_sha256"":""1b5e25176bf75e5931e66cf462f5fd28c02ec4fe3852fc343bca937a54ab0c6b"",""old_full_sha256"":""1b5e25176bf75e5931e66cf462f5fd28c02ec4fe3852fc343bca937a54ab0c6b"",""position"":0,""static_sha256"":""1b5e25176bf75e5931e66cf462f5fd28c02ec4fe3852fc343bca937a54ab0c6b""},{""agent_id"":3,""dynamic_shared_state_changed"":true,""new_full_sha256"":""529f67a08640f37131e3c780eed489f6d35687ea19601b1e862b400bd61caa9f"",""old_full_sha256"":""dc55ce7969d9f2b8fdae8bc50768f54cfdaa2ef9ba18aaac73d385a7ed874031"",""position"":1,""static_sha256"":""9ea1de9f5a6196a09049bbf464d10a34d6c1578bb9059902795b1603c3dd96c2""}]",4,deepseek-v4-flash-0731,job_7cf90282d8ac74e979f34ffced4832f5f49dc8cc0ae56bfc31f68f25a0f05a7d,3998427e3c3472d7a8b5a597e5c6dc9931619ebd38154a24ead7d3af5e2221c3,6b09495845fa6c1dc324a82ba471bcfba59265aaa4912ff0acf8307239e84bed,80d58f390299f0551b29aae5b88a7a98a998dcb4e8ba8df37db1d53600532253,631664,runs/aux-controls/deepseek/invocations/job_7cf90282d8ac74e979f34ffced4832f5f49dc8cc0ae56bfc31f68f25a0f05a7d/result/poolact/result.json,0fd755ea27e024c2c9d4a044322329d2bbc8f47b6c6ec6a7b6d7f1e4d6075e67,0e6c51b6d86f42437038518c2fc8adc510901c0b,885a5bd70dffe02b8dd610f1699e9f675da2b926,4f28d240bfbb6e38d68a1db3466b8c78b8cdbb0b13962b99509a66f713cc0765,raw_API_verified_new_earlier_natural_stop,2a395d2e30d11c9e0cd0c6d0,new_runtime_control
1fff1ad9457ae4b3ffc645f5a6167364892dba8d0f3635185bb5fbc3fc126b73,94609e276c4ea4e5803d07f131ae9ac72708cf6e648e0e6188e664863c2eb510,"[{""bytes"":3409739,""role"":""evidence"",""sha256"":""a81e3ecfc1d423f11289a1711ccd4d5cf3167f4d75576f5180bcc0b4c928fd23""},{""bytes"":5545,""role"":""hints"",""sha256"":""25e9a4092a2688dcb1e933161056b4a6362e1b3941610fd0b5aa205745c96c59""}]",f7da6a20cdee00f47fc72632a4ba1bd86059c32c54f78a911d210bcd07ea41d7,"[{""agent_id"":0,""dynamic_shared_state_changed"":false,""new_full_sha256"":""1b5e25176bf75e5931e66cf462f5fd28c02ec4fe3852fc343bca937a54ab0c6b"",""old_full_sha256"":""1b5e25176bf75e5931e66cf462f5fd28c02ec4fe3852fc343bca937a54ab0c6b"",""position"":0,""static_sha256"":""1b5e25176bf75e5931e66cf462f5fd28c02ec4fe3852fc343bca937a54ab0c6b""},{""agent_id"":0,""dynamic_shared_state_changed"":false,""new_full_sha256"":""67ab05859973477bee356dc7300a411d2debb51db88900507979d7dc0072006c"",""old_full_sha256"":""67ab05859973477bee356dc7300a411d2debb51db88900507979d7dc0072006c"",""position"":1,""static_sha256"":""67ab05859973477bee356dc7300a411d2debb51db88900507979d7dc0072006c""},{""agent_id"":1,""dynamic_shared_state_changed"":false,""new_full_sha256"":""1b5e25176bf75e5931e66cf462f5fd28c02ec4fe3852fc343bca937a54ab0c6b"",""old_full_sha256"":""1b5e25176bf75e5931e66cf462f5fd28c02ec4fe3852fc343bca937a54ab0c6b"",""position"":0,""static_sha256"":""1b5e25176bf75e5931e66cf462f5fd28c02ec4fe3852fc343bca937a54ab0c6b""},{""agent_id"":1,""dynamic_shared_state_changed"":true,""new_full_sha256"":""fb9706595c6cb595adbeee57b1dcfbc38cc25a2d6d617891803d1922d37eae76"",""old_full_sha256"":""efeab04367bbe5a572b841e700501bfbef4873fa49fe240a32fefaf536336f37"",""position"":1,""static_sha256"":""67ab05859973477bee356dc7300a411d2debb51db88900507979d7dc0072006c""},{""agent_id"":2,""dynamic_shared_state_changed"":false,""new_full_sha256"":""1b5e25176bf75e5931e66cf462f5fd28c02ec4fe3852fc343bca937a54ab0c6b"",""old_full_sha256"":""1b5e25176bf75e5931e66cf462f5fd28c02ec4fe3852fc343bca937a54ab0c6b"",""position"":0,""static_sha256"":""1b5e25176bf75e5931e66cf462f5fd28c02ec4fe3852fc343bca937a54ab0c6b""},{""agent_id"":2,""dynamic_shared_state_changed"":true,""new_full_sha256"":""70af24d9a95bba08a128174462a61e1440c5c07371b1f4ddd8a9a7dde3ba2533"",""old_full_sha256"":""d3256e3e27cc947be055daecfb402a78eeacd619bd2140c1bf79c760bb1ab7bb"",""position"":1,""static_sha256"":""67ab05859973477bee356dc7300a411d2debb51db88900507979d7dc0072006c""},{""agent_id"":3,""dynamic_shared_state_changed"":false,""new_full_sha256"":""1b5e25176bf75e5931e66cf462f5fd28c02ec4fe3852fc343bca937a54ab0c6b"",""old_full_sha256"":""1b5e25176bf75e5931e66cf462f5fd28c02ec4fe3852fc343bca937a54ab0c6b"",""position"":0,""static_sha256"":""1b5e25176bf75e5931e66cf462f5fd28c02ec4fe3852fc343bca937a54ab0c6b""},{""agent_id"":3,""dynamic_shared_state_changed"":true,""new_full_sha256"":""5dfb1a9ecd7ed49834165e7fe30913da920e44b2fde122b43437d017d9920c89"",""old_full_sha256"":""c057f46aa8f9d4746bfa4d0234a9eee5a2b9b54fe6023ff16fad41403d64e00f"",""position"":1,""static_sha256"":""67ab05859973477bee356dc7300a411d2debb51db88900507979d7dc0072006c""}]",4,deepseek-v4-flash-0731,job_7d4704d336d9224609cdcbd9be6abe44fda456cb63fc799f9cf22e155e4db847,e438c53db6878aa285413ab18a1ffcd44d35af7a7275a49d9dc6a2fe35f9004d,6b09495845fa6c1dc324a82ba471bcfba59265aaa4912ff0acf8307239e84bed,80d58f390299f0551b29aae5b88a7a98a998dcb4e8ba8df37db1d53600532253,474354,runs/aux-controls/deepseek/invocations/job_7d4704d336d9224609cdcbd9be6abe44fda456cb63fc799f9cf22e155e4db847/result/poolact/result.json,516a0eb47af74350151a345ef89c3e96e5a501727d75edc7dc3716d54b432cb8,0e6c51b6d86f42437038518c2fc8adc510901c0b,885a5bd70dffe02b8dd610f1699e9f675da2b926,4f28d240bfbb6e38d68a1db3466b8c78b8cdbb0b13962b99509a66f713cc0765,raw_API_verified_new_earlier_natural_stop,34147bb84bd134f2b3322cec,new_runtime_control
04bd4782a511fa8670abed8d563cbc6bb1c14341d89eb96b4065ac8177e0cb02,a65589f38adaa688ea7d5b80f8dc8776630fa6902fb4556e01b037e353518d94,"[{""bytes"":3409739,""role"":""evidence"",""sha256"":""a81e3ecfc1d423f11289a1711ccd4d5cf3167f4d75576f5180bcc0b4c928fd23""},{""bytes"":5545,""role"":""hints"",""sha256"":""25e9a4092a2688dcb1e933161056b4a6362e1b3941610fd0b5aa205745c96c59""}]",f7da6a20cdee00f47fc72632a4ba1bd86059c32c54f78a911d210bcd07ea41d7,"[{""agent_id"":0,""dynamic_shared_state_changed"":false,""new_full_sha256"":""1b5e25176bf75e5931e66cf462f5fd28c02ec4fe3852fc343bca937a54ab0c6b"",""old_full_sha256"":""1b5e25176bf75e5931e66cf462f5fd28c02ec4fe3852fc343bca937a54ab0c6b"",""position"":0,""static_sha256"":""1b5e25176bf75e5931e66cf462f5fd28c02ec4fe3852fc343bca937a54ab0c6b""},{""agent_id"":0,""dynamic_shared_state_changed"":false,""new_full_sha256"":""fddb1c252cbd6095bea85ac0df21cbcf2c89efc65af20790651e5cad825f64ef"",""old_full_sha256"":""fddb1c252cbd6095bea85ac0df21cbcf2c89efc65af20790651e5cad825f64ef"",""position"":1,""static_sha256"":""fddb1c252cbd6095bea85ac0df21cbcf2c89efc65af20790651e5cad825f64ef""},{""agent_id"":1,""dynamic_shared_state_changed"":false,""new_full_sha256"":""1b5e25176bf75e5931e66cf462f5fd28c02ec4fe3852fc343bca937a54ab0c6b"",""old_full_sha256"":""1b5e25176bf75e5931e66cf462f5fd28c02ec4fe3852fc343bca937a54ab0c6b"",""position"":0,""static_sha256"":""1b5e25176bf75e5931e66cf462f5fd28c02ec4fe3852fc343bca937a54ab0c6b""},{""agent_id"":1,""dynamic_shared_state_changed"":false,""new_full_sha256"":""fddb1c252cbd6095bea85ac0df21cbcf2c89efc65af20790651e5cad825f64ef"",""old_full_sha256"":""fddb1c252cbd6095bea85ac0df21cbcf2c89efc65af20790651e5cad825f64ef"",""position"":1,""static_sha256"":""fddb1c252cbd6095bea85ac0df21cbcf2c89efc65af20790651e5cad825f64ef""},{""agent_id"":2,""dynamic_shared_state_changed"":false,""new_full_sha256"":""1b5e25176bf75e5931e66cf462f5fd28c02ec4fe3852fc343bca937a54ab0c6b"",""old_full_sha256"":""1b5e25176bf75e5931e66cf462f5fd28c02ec4fe3852fc343bca937a54ab0c6b"",""position"":0,""static_sha256"":""1b5e25176bf75e5931e66cf462f5fd28c02ec4fe3852fc343bca937a54ab0c6b""},{""agent_id"":2,""dynamic_shared_state_changed"":false,""new_full_sha256"":""fddb1c252cbd6095bea85ac0df21cbcf2c89efc65af20790651e5cad825f64ef"",""old_full_sha256"":""fddb1c252cbd6095bea85ac0df21cbcf2c89efc65af20790651e5cad825f64ef"",""position"":1,""static_sha256"":""fddb1c252cbd6095bea85ac0df21cbcf2c89efc65af20790651e5cad825f64ef""},{""agent_id"":3,""dynamic_shared_state_changed"":false,""new_full_sha256"":""1b5e25176bf75e5931e66cf462f5fd28c02ec4fe3852fc343bca937a54ab0c6b"",""old_full_sha256"":""1b5e25176bf75e5931e66cf462f5fd28c02ec4fe3852fc343bca937a54ab0c6b"",""position"":0,""static_sha256"":""1b5e25176bf75e5931e66cf462f5fd28c02ec4fe3852fc343bca937a54ab0c6b""},{""agent_id"":3,""dynamic_shared_state_changed"":false,""new_full_sha256"":""fddb1c252cbd6095bea85ac0df21cbcf2c89efc65af20790651e5cad825f64ef"",""old_full_sha256"":""fddb1c252cbd6095bea85ac0df21cbcf2c89efc65af20790651e5cad825f64ef"",""position"":1,""static_sha256"":""fddb1c252cbd6095bea85ac0df21cbcf2c89efc65af20790651e5cad825f64ef""}]",4,qwen3.8-2.4t-a95b-fp8,job_70e65aa9e5f054e0fdc7aa284f5cff5a23555e05b98d3d1ae2800fc18425228a,f880e7614396505c973aae4203d13dd6ee18fb087b512479a7c4d4ba8f3cf302,6b09495845fa6c1dc324a82ba471bcfba59265aaa4912ff0acf8307239e84bed,80d58f390299f0551b29aae5b88a7a98a998dcb4e8ba8df37db1d53600532253,434261,runs/aux-controls/qwen/invocations/job_70e65aa9e5f054e0fdc7aa284f5cff5a23555e05b98d3d1ae2800fc18425228a/result/naive/result.json,3e28d0fffd888e4ad87714ee845d4a13dfb76600f013701d4cfc17c59d196b9c,0e6c51b6d86f42437038518c2fc8adc510901c0b,ffca5704580b75e254f6e52dd4fe9dff104b1be8,cb2fe024256e8f2e7eaf882cd34af2fd7217ba1af21e6f7d9f23243f50a09f02,raw_API_verified_new_earlier_natural_stop,45838801285306246f30f575,new_runtime_control
858a745375483721b8993d4ff9458db624140d17700daffa50a1601528ff66b0,5bf61fbf9a035de2bbccc06d18b1de96b7af0d5f009271218dc93b6bf2dfce84,"[{""bytes"":3409739,""role"":""evidence"",""sha256"":""a81e3ecfc1d423f11289a1711ccd4d5cf3167f4d75576f5180bcc0b4c928fd23""},{""bytes"":5545,""role"":""hints"",""sha256"":""25e9a4092a2688dcb1e933161056b4a6362e1b3941610fd0b5aa205745c96c59""}]",f7da6a20cdee00f47fc72632a4ba1bd86059c32c54f78a911d210bcd07ea41d7,"[{""agent_id"":0,""dynamic_shared_state_changed"":false,""new_full_sha256"":""1b5e25176bf75e5931e66cf462f5fd28c02ec4fe3852fc343bca937a54ab0c6b"",""old_full_sha256"":""1b5e25176bf75e5931e66cf462f5fd28c02ec4fe3852fc343bca937a54ab0c6b"",""position"":0,""static_sha256"":""1b5e25176bf75e5931e66cf462f5fd28c02ec4fe3852fc343bca937a54ab0c6b""},{""agent_id"":0,""dynamic_shared_state_changed"":false,""new_full_sha256"":""c620bfac8ed649a51b7bf17dae316f6fe7c1f3346a273b93d69cc90c69b21303"",""old_full_sha256"":""c620bfac8ed649a51b7bf17dae316f6fe7c1f3346a273b93d69cc90c69b21303"",""position"":1,""static_sha256"":""c620bfac8ed649a51b7bf17dae316f6fe7c1f3346a273b93d69cc90c69b21303""},{""agent_id"":1,""dynamic_shared_state_changed"":false,""new_full_sha256"":""1b5e25176bf75e5931e66cf462f5fd28c02ec4fe3852fc343bca937a54ab0c6b"",""old_full_sha256"":""1b5e25176bf75e5931e66cf462f5fd28c02ec4fe3852fc343bca937a54ab0c6b"",""position"":0,""static_sha256"":""1b5e25176bf75e5931e66cf462f5fd28c02ec4fe3852fc343bca937a54ab0c6b""},{""agent_id"":1,""dynamic_shared_state_changed"":true,""new_full_sha256"":""dd86bcbc9eca591fbf86f99544ba4230d0e8d15e3a639ebfd579c77297a69185"",""old_full_sha256"":""5944cb3df973d8f1dad481c9ceded152eda715fee51617d4dc61f1aca41b970a"",""position"":1,""static_sha256"":""c620bfac8ed649a51b7bf17dae316f6fe7c1f3346a273b93d69cc90c69b21303""},{""agent_id"":2,""dynamic_shared_state_changed"":false,""new_full_sha256"":""1b5e25176bf75e5931e66cf462f5fd28c02ec4fe3852fc343bca937a54ab0c6b"",""old_full_sha256"":""1b5e25176bf75e5931e66cf462f5fd28c02ec4fe3852fc343bca937a54ab0c6b"",""position"":0,""static_sha256"":""1b5e25176bf75e5931e66cf462f5fd28c02ec4fe3852fc343bca937a54ab0c6b""},{""agent_id"":2,""dynamic_shared_state_changed"":true,""new_full_sha256"":""65371a4c7a275e2b7603a2dfc1e17f899c71bfac6e8756fcc23af7c6513ced40"",""old_full_sha256"":""6248142f0b3c8b2be0b8d4cbdb0d4f383452e77a22cc68b3f90a624cb666addc"",""position"":1,""static_sha256"":""c620bfac8ed649a51b7bf17dae316f6fe7c1f3346a273b93d69cc90c69b21303""},{""agent_id"":3,""dynamic_shared_state_changed"":false,""new_full_sha256"":""1b5e25176bf75e5931e66cf462f5fd28c02ec4fe3852fc343bca937a54ab0c6b"",""old_full_sha256"":""1b5e25176bf75e5931e66cf462f5fd28c02ec4fe3852fc343bca937a54ab0c6b"",""position"":0,""static_sha256"":""1b5e25176bf75e5931e66cf462f5fd28c02ec4fe3852fc343bca937a54ab0c6b""},{""agent_id"":3,""dynamic_shared_state_changed"":true,""new_full_sha256"":""73401d3dc863837b0db9456cab7f713d509437104c54abfc2ee20149c2403345"",""old_full_sha256"":""59d2196c0f2f76ca8291a14578a4de8aea31c282f5e14b4104b1349db1a25e67"",""position"":1,""static_sha256"":""c620bfac8ed649a51b7bf17dae316f6fe7c1f3346a273b93d69cc90c69b21303""}]",4,qwen3.8-2.4t-a95b-fp8,job_2f04e0ec98e8fa94e3d0e9c4417d6bde72f608c6346da7cd13ff369bee50c7b7,a154e666801c8b897db3f6c9689772c1bf0477e86014737859704f98eccb31f1,6b09495845fa6c1dc324a82ba471bcfba59265aaa4912ff0acf8307239e84bed,80d58f390299f0551b29aae5b88a7a98a998dcb4e8ba8df37db1d53600532253,639947,runs/aux-controls/qwen/invocations/job_2f04e0ec98e8fa94e3d0e9c4417d6bde72f608c6346da7cd13ff369bee50c7b7/result/poolact/result.json,84dbe3f252122098c1b51f75b9c2fa4d533936eadff8155a0599301f22e065f6,0e6c51b6d86f42437038518c2fc8adc510901c0b,ffca5704580b75e254f6e52dd4fe9dff104b1be8,cb2fe024256e8f2e7eaf882cd34af2fd7217ba1af21e6f7d9f23243f50a09f02,raw_API_verified_new_earlier_natural_stop,63286b184c2fa48ded49005b,new_runtime_control
024c986ee2500d1cd648eafcd126a195ef191b4d976faead1abc7cb6a4932a4c,5cc61b04b3bcc6ef580e3d3dfcd3a34685db867d0d5055dcb3c0151b1a28c0c3,"[{""bytes"":3409739,""role"":""evidence"",""sha256"":""a81e3ecfc1d423f11289a1711ccd4d5cf3167f4d75576f5180bcc0b4c928fd23""},{""bytes"":5545,""role"":""hints"",""sha256"":""25e9a4092a2688dcb1e933161056b4a6362e1b3941610fd0b5aa205745c96c59""}]",f7da6a20cdee00f47fc72632a4ba1bd86059c32c54f78a911d210bcd07ea41d7,"[{""agent_id"":0,""dynamic_shared_state_changed"":false,""new_full_sha256"":""1b5e25176bf75e5931e66cf462f5fd28c02ec4fe3852fc343bca937a54ab0c6b"",""old_full_sha256"":""1b5e25176bf75e5931e66cf462f5fd28c02ec4fe3852fc343bca937a54ab0c6b"",""position"":0,""static_sha256"":""1b5e25176bf75e5931e66cf462f5fd28c02ec4fe3852fc343bca937a54ab0c6b""},{""agent_id"":0,""dynamic_shared_state_changed"":false,""new_full_sha256"":""a19b94906d90acbf8beeb38a5134ea6096f832b5df477727ee7fa90008af7e74"",""old_full_sha256"":""a19b94906d90acbf8beeb38a5134ea6096f832b5df477727ee7fa90008af7e74"",""position"":1,""static_sha256"":""a19b94906d90acbf8beeb38a5134ea6096f832b5df477727ee7fa90008af7e74""},{""agent_id"":1,""dynamic_shared_state_changed"":false,""new_full_sha256"":""1b5e25176bf75e5931e66cf462f5fd28c02ec4fe3852fc343bca937a54ab0c6b"",""old_full_sha256"":""1b5e25176bf75e5931e66cf462f5fd28c02ec4fe3852fc343bca937a54ab0c6b"",""position"":0,""static_sha256"":""1b5e25176bf75e5931e66cf462f5fd28c02ec4fe3852fc343bca937a54ab0c6b""},{""agent_id"":1,""dynamic_shared_state_changed"":false,""new_full_sha256"":""a19b94906d90acbf8beeb38a5134ea6096f832b5df477727ee7fa90008af7e74"",""old_full_sha256"":""a19b94906d90acbf8beeb38a5134ea6096f832b5df477727ee7fa90008af7e74"",""position"":1,""static_sha256"":""a19b94906d90acbf8beeb38a5134ea6096f832b5df477727ee7fa90008af7e74""},{""agent_id"":2,""dynamic_shared_state_changed"":false,""new_full_sha256"":""1b5e25176bf75e5931e66cf462f5fd28c02ec4fe3852fc343bca937a54ab0c6b"",""old_full_sha256"":""1b5e25176bf75e5931e66cf462f5fd28c02ec4fe3852fc343bca937a54ab0c6b"",""position"":0,""static_sha256"":""1b5e25176bf75e5931e66cf462f5fd28c02ec4fe3852fc343bca937a54ab0c6b""},{""agent_id"":2,""dynamic_shared_state_changed"":false,""new_full_sha256"":""a19b94906d90acbf8beeb38a5134ea6096f832b5df477727ee7fa90008af7e74"",""old_full_sha256"":""a19b94906d90acbf8beeb38a5134ea6096f832b5df477727ee7fa90008af7e74"",""position"":1,""static_sha256"":""a19b94906d90acbf8beeb38a5134ea6096f832b5df477727ee7fa90008af7e74""},{""agent_id"":3,""dynamic_shared_state_changed"":false,""new_full_sha256"":""1b5e25176bf75e5931e66cf462f5fd28c02ec4fe3852fc343bca937a54ab0c6b"",""old_full_sha256"":""1b5e25176bf75e5931e66cf462f5fd28c02ec4fe3852fc343bca937a54ab0c6b"",""position"":0,""static_sha256"":""1b5e25176bf75e5931e66cf462f5fd28c02ec4fe3852fc343bca937a54ab0c6b""},{""agent_id"":3,""dynamic_shared_state_changed"":false,""new_full_sha256"":""a19b94906d90acbf8beeb38a5134ea6096f832b5df477727ee7fa90008af7e74"",""old_full_sha256"":""a19b94906d90acbf8beeb38a5134ea6096f832b5df477727ee7fa90008af7e74"",""position"":1,""static_sha256"":""a19b94906d90acbf8beeb38a5134ea6096f832b5df477727ee7fa90008af7e74""}]",4,qwen3.8-2.4t-a95b-fp8,job_6145f065ba4808365d1e24dbd19ea9341ecacf9491ee382cbcd5925cbff7a1db,056d63670002d074a60e3b0ed11f00aa709917f9b924bac6ab00fb92f12e805b,6b09495845fa6c1dc324a82ba471bcfba59265aaa4912ff0acf8307239e84bed,80d58f390299f0551b29aae5b88a7a98a998dcb4e8ba8df37db1d53600532253,357807,runs/aux-controls/qwen/invocations/job_6145f065ba4808365d1e24dbd19ea9341ecacf9491ee382cbcd5925cbff7a1db/result/naive/result.json,5470138ca6ef010adf75fd618d4bd8fc498a768561d22b3fdd3981920d759541,0e6c51b6d86f42437038518c2fc8adc510901c0b,ffca5704580b75e254f6e52dd4fe9dff104b1be8,cb2fe024256e8f2e7eaf882cd34af2fd7217ba1af21e6f7d9f23243f50a09f02,raw_API_verified_new_earlier_natural_stop,7415b559c9ae98c15b028021,new_runtime_control
5a880450aa397343b42703a890449e1ba54c77fab26a4427814c2e11a44f0af5,14ae411c10f09e43269d52eb8cd7a93d7c2fb101c092983351b7824f252006d1,"[{""bytes"":3409739,""role"":""evidence"",""sha256"":""a81e3ecfc1d423f11289a1711ccd4d5cf3167f4d75576f5180bcc0b4c928fd23""},{""bytes"":5545,""role"":""hints"",""sha256"":""25e9a4092a2688dcb1e933161056b4a6362e1b3941610fd0b5aa205745c96c59""}]",f7da6a20cdee00f47fc72632a4ba1bd86059c32c54f78a911d210bcd07ea41d7,"[{""agent_id"":0,""dynamic_shared_state_changed"":false,""new_full_sha256"":""1b5e25176bf75e5931e66cf462f5fd28c02ec4fe3852fc343bca937a54ab0c6b"",""old_full_sha256"":""1b5e25176bf75e5931e66cf462f5fd28c02ec4fe3852fc343bca937a54ab0c6b"",""position"":0,""static_sha256"":""1b5e25176bf75e5931e66cf462f5fd28c02ec4fe3852fc343bca937a54ab0c6b""},{""agent_id"":0,""dynamic_shared_state_changed"":false,""new_full_sha256"":""80eda98271b873db05b8cef4ad32c7dca16563835d6c8a282d9d32286e0c9fc2"",""old_full_sha256"":""80eda98271b873db05b8cef4ad32c7dca16563835d6c8a282d9d32286e0c9fc2"",""position"":1,""static_sha256"":""80eda98271b873db05b8cef4ad32c7dca16563835d6c8a282d9d32286e0c9fc2""},{""agent_id"":1,""dynamic_shared_state_changed"":false,""new_full_sha256"":""1b5e25176bf75e5931e66cf462f5fd28c02ec4fe3852fc343bca937a54ab0c6b"",""old_full_sha256"":""1b5e25176bf75e5931e66cf462f5fd28c02ec4fe3852fc343bca937a54ab0c6b"",""position"":0,""static_sha256"":""1b5e25176bf75e5931e66cf462f5fd28c02ec4fe3852fc343bca937a54ab0c6b""},{""agent_id"":1,""dynamic_shared_state_changed"":true,""new_full_sha256"":""560b83c4ad73c18445bffde3cd4894737f3213c1270b16f8e6bb67c5cf44e278"",""old_full_sha256"":""1cc0f43a24683b560a312b952b8c0285667990112473cf9eadf81319204ae329"",""position"":1,""static_sha256"":""80eda98271b873db05b8cef4ad32c7dca16563835d6c8a282d9d32286e0c9fc2""},{""agent_id"":2,""dynamic_shared_state_changed"":false,""new_full_sha256"":""1b5e25176bf75e5931e66cf462f5fd28c02ec4fe3852fc343bca937a54ab0c6b"",""old_full_sha256"":""1b5e25176bf75e5931e66cf462f5fd28c02ec4fe3852fc343bca937a54ab0c6b"",""position"":0,""static_sha256"":""1b5e25176bf75e5931e66cf462f5fd28c02ec4fe3852fc343bca937a54ab0c6b""},{""agent_id"":2,""dynamic_shared_state_changed"":true,""new_full_sha256"":""2be5ab2dfeb6fc249bba06d48c853c25075104a417182a9f33854b7eb51f2f3f"",""old_full_sha256"":""46ffc6bea46f1414a26cb20ba9aacdf653d78e291f33b65d8e46537dfb8d7e28"",""position"":1,""static_sha256"":""80eda98271b873db05b8cef4ad32c7dca16563835d6c8a282d9d32286e0c9fc2""},{""agent_id"":3,""dynamic_shared_state_changed"":false,""new_full_sha256"":""1b5e25176bf75e5931e66cf462f5fd28c02ec4fe3852fc343bca937a54ab0c6b"",""old_full_sha256"":""1b5e25176bf75e5931e66cf462f5fd28c02ec4fe3852fc343bca937a54ab0c6b"",""position"":0,""static_sha256"":""1b5e25176bf75e5931e66cf462f5fd28c02ec4fe3852fc343bca937a54ab0c6b""},{""agent_id"":3,""dynamic_shared_state_changed"":true,""new_full_sha256"":""64da3fb6ee2883663fba6f76b1c29a6aac06b30bd861ff9b666d4da06192964a"",""old_full_sha256"":""1c09201f32079c9a906ab127f41f246b5be0cbef1832ad0f87ef8eedfce5dbfe"",""position"":1,""static_sha256"":""80eda98271b873db05b8cef4ad32c7dca16563835d6c8a282d9d32286e0c9fc2""}]",4,deepseek-v4-flash-0731,job_7f7c5a18794dd705ab3f3f44f4d76c9e13a193602dddbe96183ed96d5414e703,ab84266c42291e56e95a058e097a1d03eef03e7194394fafc517dcc541f7f4de,6b09495845fa6c1dc324a82ba471bcfba59265aaa4912ff0acf8307239e84bed,80d58f390299f0551b29aae5b88a7a98a998dcb4e8ba8df37db1d53600532253,771445,runs/aux-controls/deepseek/invocations/job_7f7c5a18794dd705ab3f3f44f4d76c9e13a193602dddbe96183ed96d5414e703/result/poolact/result.json,786815fa469b0b36360bee8d1d49a324346e40d06aef5537e80fa2c6ab0d5bf1,0e6c51b6d86f42437038518c2fc8adc510901c0b,885a5bd70dffe02b8dd610f1699e9f675da2b926,4f28d240bfbb6e38d68a1db3466b8c78b8cdbb0b13962b99509a66f713cc0765,raw_API_verified_new_earlier_natural_stop,aa8511993d6ec60b40bac3d5,new_runtime_control
05d04e6c42a3f452ec5254a315d017ff2d629356d9c36e4339c1d060ae537e3b,04c29ef7d33a71af2d8f17c7b43aebe67481cee62577842f78dcb81893f1bf07,"[{""bytes"":3409739,""role"":""evidence"",""sha256"":""a81e3ecfc1d423f11289a1711ccd4d5cf3167f4d75576f5180bcc0b4c928fd23""},{""bytes"":5545,""role"":""hints"",""sha256"":""25e9a4092a2688dcb1e933161056b4a6362e1b3941610fd0b5aa205745c96c59""}]",f7da6a20cdee00f47fc72632a4ba1bd86059c32c54f78a911d210bcd07ea41d7,"[{""agent_id"":0,""dynamic_shared_state_changed"":false,""new_full_sha256"":""1b5e25176bf75e5931e66cf462f5fd28c02ec4fe3852fc343bca937a54ab0c6b"",""old_full_sha256"":""1b5e25176bf75e5931e66cf462f5fd28c02ec4fe3852fc343bca937a54ab0c6b"",""position"":0,""static_sha256"":""1b5e25176bf75e5931e66cf462f5fd28c02ec4fe3852fc343bca937a54ab0c6b""},{""agent_id"":0,""dynamic_shared_state_changed"":true,""new_full_sha256"":""8211bdd543bdae4ca26369de34cab35b87fd9afc17a0d056a3c8457c07c85abc"",""old_full_sha256"":""232dabe59fe139961d88a6653100e91475e846363e9031d567308d7730ff1f9a"",""position"":1,""static_sha256"":""232dabe59fe139961d88a6653100e91475e846363e9031d567308d7730ff1f9a""},{""agent_id"":1,""dynamic_shared_state_changed"":false,""new_full_sha256"":""1b5e25176bf75e5931e66cf462f5fd28c02ec4fe3852fc343bca937a54ab0c6b"",""old_full_sha256"":""1b5e25176bf75e5931e66cf462f5fd28c02ec4fe3852fc343bca937a54ab0c6b"",""position"":0,""static_sha256"":""1b5e25176bf75e5931e66cf462f5fd28c02ec4fe3852fc343bca937a54ab0c6b""},{""agent_id"":1,""dynamic_shared_state_changed"":true,""new_full_sha256"":""6fd0f22e7f416c221ad67c412bed1da00d71f9c3da9fd3bc0de067b36e302481"",""old_full_sha256"":""d2a387b6bf2b42974e0a8d90c4bc8389eca7aff66cfe4c319e26b6ac5278af80"",""position"":1,""static_sha256"":""232dabe59fe139961d88a6653100e91475e846363e9031d567308d7730ff1f9a""},{""agent_id"":2,""dynamic_shared_state_changed"":false,""new_full_sha256"":""1b5e25176bf75e5931e66cf462f5fd28c02ec4fe3852fc343bca937a54ab0c6b"",""old_full_sha256"":""1b5e25176bf75e5931e66cf462f5fd28c02ec4fe3852fc343bca937a54ab0c6b"",""position"":0,""static_sha256"":""1b5e25176bf75e5931e66cf462f5fd28c02ec4fe3852fc343bca937a54ab0c6b""},{""agent_id"":2,""dynamic_shared_state_changed"":true,""new_full_sha256"":""9bbc771456223a010dd8e7ff8cd5b87c4d8938d3a5cc793bd3bdb4082c151713"",""old_full_sha256"":""0e330a56645174e869a03cca29a1a12d0dc4f5e01c11cfd77b842b3985397504"",""position"":1,""static_sha256"":""232dabe59fe139961d88a6653100e91475e846363e9031d567308d7730ff1f9a""},{""agent_id"":3,""dynamic_shared_state_changed"":false,""new_full_sha256"":""1b5e25176bf75e5931e66cf462f5fd28c02ec4fe3852fc343bca937a54ab0c6b"",""old_full_sha256"":""1b5e25176bf75e5931e66cf462f5fd28c02ec4fe3852fc343bca937a54ab0c6b"",""position"":0,""static_sha256"":""1b5e25176bf75e5931e66cf462f5fd28c02ec4fe3852fc343bca937a54ab0c6b""},{""agent_id"":3,""dynamic_shared_state_changed"":true,""new_full_sha256"":""232dabe59fe139961d88a6653100e91475e846363e9031d567308d7730ff1f9a"",""old_full_sha256"":""13910221b8c1bb5a03fc7fb4591512fdff9a8400b5780dee496b2ff8c569c20f"",""position"":1,""static_sha256"":""232dabe59fe139961d88a6653100e91475e846363e9031d567308d7730ff1f9a""}]",4,deepseek-v4-flash-0731,job_7f896c7d7b45cd27a6b8b90818fb37672bc6c3f43ddbb41729bd56d8587b4651,ab7fb9f98b060113892a7ad6924296f1d0c2a2f417840c001b6b22ed8f12110c,6b09495845fa6c1dc324a82ba471bcfba59265aaa4912ff0acf8307239e84bed,80d58f390299f0551b29aae5b88a7a98a998dcb4e8ba8df37db1d53600532253,557185,runs/aux-controls/deepseek/invocations/job_7f896c7d7b45cd27a6b8b90818fb37672bc6c3f43ddbb41729bd56d8587b4651/result/poolact/result.json,0a928acb89ec5c72ab2be5ee4bd7d5aa90497faf67b5ffa43f1a6fc297556292,0e6c51b6d86f42437038518c2fc8adc510901c0b,885a5bd70dffe02b8dd610f1699e9f675da2b926,4f28d240bfbb6e38d68a1db3466b8c78b8cdbb0b13962b99509a66f713cc0765,raw_API_verified_new_earlier_natural_stop,b17fc226bb045789df8c3d49,new_runtime_control
de5a873e6a4a776b69d4ad0e53bc70a6ec3f9fc2a77e16b7e4017ce8e820dc13,4c906d4d56465a0228eac151107fe41d1ae144fbbb171a48bddb6b84f0d06106,"[{""bytes"":3409739,""role"":""evidence"",""sha256"":""a81e3ecfc1d423f11289a1711ccd4d5cf3167f4d75576f5180bcc0b4c928fd23""},{""bytes"":5545,""role"":""hints"",""sha256"":""25e9a4092a2688dcb1e933161056b4a6362e1b3941610fd0b5aa205745c96c59""}]",f7da6a20cdee00f47fc72632a4ba1bd86059c32c54f78a911d210bcd07ea41d7,"[{""agent_id"":0,""dynamic_shared_state_changed"":false,""new_full_sha256"":""1b5e25176bf75e5931e66cf462f5fd28c02ec4fe3852fc343bca937a54ab0c6b"",""old_full_sha256"":""1b5e25176bf75e5931e66cf462f5fd28c02ec4fe3852fc343bca937a54ab0c6b"",""position"":0,""static_sha256"":""1b5e25176bf75e5931e66cf462f5fd28c02ec4fe3852fc343bca937a54ab0c6b""},{""agent_id"":0,""dynamic_shared_state_changed"":true,""new_full_sha256"":""0ac5c387738cc5b71713c1d8360b9e1507824d09b60fd52b66dd77ca203526bf"",""old_full_sha256"":""f1f0748274b6a12a3d02a859d41be04f7614f51b9ad7f2939461a3bc6ba415fc"",""position"":1,""static_sha256"":""0ac5c387738cc5b71713c1d8360b9e1507824d09b60fd52b66dd77ca203526bf""},{""agent_id"":1,""dynamic_shared_state_changed"":false,""new_full_sha256"":""1b5e25176bf75e5931e66cf462f5fd28c02ec4fe3852fc343bca937a54ab0c6b"",""old_full_sha256"":""1b5e25176bf75e5931e66cf462f5fd28c02ec4fe3852fc343bca937a54ab0c6b"",""position"":0,""static_sha256"":""1b5e25176bf75e5931e66cf462f5fd28c02ec4fe3852fc343bca937a54ab0c6b""},{""agent_id"":1,""dynamic_shared_state_changed"":true,""new_full_sha256"":""de42baec19303bf9b7fd7ad83b69b5f195219eec567ead1dc9e26a3b5688c07b"",""old_full_sha256"":""0ac5c387738cc5b71713c1d8360b9e1507824d09b60fd52b66dd77ca203526bf"",""position"":1,""static_sha256"":""0ac5c387738cc5b71713c1d8360b9e1507824d09b60fd52b66dd77ca203526bf""},{""agent_id"":2,""dynamic_shared_state_changed"":false,""new_full_sha256"":""1b5e25176bf75e5931e66cf462f5fd28c02ec4fe3852fc343bca937a54ab0c6b"",""old_full_sha256"":""1b5e25176bf75e5931e66cf462f5fd28c02ec4fe3852fc343bca937a54ab0c6b"",""position"":0,""static_sha256"":""1b5e25176bf75e5931e66cf462f5fd28c02ec4fe3852fc343bca937a54ab0c6b""},{""agent_id"":2,""dynamic_shared_state_changed"":true,""new_full_sha256"":""cc888ffce1922ebb4572566c52a3a81bb1f1e00328afae3b7993fb68878d9317"",""old_full_sha256"":""c2b383ba6408c13d3a5fae513c2661c7e9d97168479560d3bc4748d014bea8f2"",""position"":1,""static_sha256"":""0ac5c387738cc5b71713c1d8360b9e1507824d09b60fd52b66dd77ca203526bf""},{""agent_id"":3,""dynamic_shared_state_changed"":false,""new_full_sha256"":""1b5e25176bf75e5931e66cf462f5fd28c02ec4fe3852fc343bca937a54ab0c6b"",""old_full_sha256"":""1b5e25176bf75e5931e66cf462f5fd28c02ec4fe3852fc343bca937a54ab0c6b"",""position"":0,""static_sha256"":""1b5e25176bf75e5931e66cf462f5fd28c02ec4fe3852fc343bca937a54ab0c6b""},{""agent_id"":3,""dynamic_shared_state_changed"":true,""new_full_sha256"":""24545080be6ecde039211dfb1d5c1da790346e8771ce6b6b668fa20e0e77b8d6"",""old_full_sha256"":""9dead173b50a52e78d30f8e5c4945a6583f31e94dec54094c30e22b02dacf4f7"",""position"":1,""static_sha256"":""0ac5c387738cc5b71713c1d8360b9e1507824d09b60fd52b66dd77ca203526bf""}]",4,deepseek-v4-flash-0731,job_9ca617400b7370c7b63138ace3640324cb0b40da8a06f0468ce9b42c17bdedcb,70785951469b5fb66037b28a80c7e1f25adfe5210539306ed92db5042f7dfda9,6b09495845fa6c1dc324a82ba471bcfba59265aaa4912ff0acf8307239e84bed,80d58f390299f0551b29aae5b88a7a98a998dcb4e8ba8df37db1d53600532253,662358,runs/aux-controls/deepseek/invocations/job_9ca617400b7370c7b63138ace3640324cb0b40da8a06f0468ce9b42c17bdedcb/result/poolact/result.json,1b50208310cd5b3603b9fa95b2c867024f34a74edc702eea7f85a06f7b3bc029,0e6c51b6d86f42437038518c2fc8adc510901c0b,885a5bd70dffe02b8dd610f1699e9f675da2b926,4f28d240bfbb6e38d68a1db3466b8c78b8cdbb0b13962b99509a66f713cc0765,raw_API_verified_new_earlier_natural_stop,b61bf7439794536f53c71d69,new_runtime_control
39c41ac97224d187334fbc97dda15186e2cfb94d4e9d20bb96fda8d144de2bb6,b0230dc2547578d91be555bea1ffe11e70f299e641b58c9a1d88ec966d691b12,"[{""bytes"":3409739,""role"":""evidence"",""sha256"":""a81e3ecfc1d423f11289a1711ccd4d5cf3167f4d75576f5180bcc0b4c928fd23""},{""bytes"":5545,""role"":""hints"",""sha256"":""25e9a4092a2688dcb1e933161056b4a6362e1b3941610fd0b5aa205745c96c59""}]",f7da6a20cdee00f47fc72632a4ba1bd86059c32c54f78a911d210bcd07ea41d7,"[{""agent_id"":-1,""dynamic_shared_state_changed"":false,""new_full_sha256"":""1b5e25176bf75e5931e66cf462f5fd28c02ec4fe3852fc343bca937a54ab0c6b"",""old_full_sha256"":""1b5e25176bf75e5931e66cf462f5fd28c02ec4fe3852fc343bca937a54ab0c6b"",""position"":0,""static_sha256"":""1b5e25176bf75e5931e66cf462f5fd28c02ec4fe3852fc343bca937a54ab0c6b""},{""agent_id"":-1,""dynamic_shared_state_changed"":false,""new_full_sha256"":""d31351a368c2e178149c95a959c33458278861d3853c4b8fa80f1dd812ee68c6"",""old_full_sha256"":""d31351a368c2e178149c95a959c33458278861d3853c4b8fa80f1dd812ee68c6"",""position"":1,""static_sha256"":""d31351a368c2e178149c95a959c33458278861d3853c4b8fa80f1dd812ee68c6""}]",1,qwen3.8-2.4t-a95b-fp8,job_7d7233188d3755044eb42c873b27ac5e206313e47208661e2746171e38035299,8de6f6ed338cca8881f8ed06172335243ab255ffed961e2cbb828a4cd9d52545,6b09495845fa6c1dc324a82ba471bcfba59265aaa4912ff0acf8307239e84bed,80d58f390299f0551b29aae5b88a7a98a998dcb4e8ba8df37db1d53600532253,195062,runs/aux-controls/qwen/invocations/job_7d7233188d3755044eb42c873b27ac5e206313e47208661e2746171e38035299/result/qwen3.8-2.4t-a95b-fp8_cost_free/traces-v2/evidence_audit_cc-large_7_r1_s2201.json,1526cef299ade759cd6babccd660c44ea7a0f644347fcb99beb5087d1a796f1a,0e6c51b6d86f42437038518c2fc8adc510901c0b,ffca5704580b75e254f6e52dd4fe9dff104b1be8,cb2fe024256e8f2e7eaf882cd34af2fd7217ba1af21e6f7d9f23243f50a09f02,raw_API_verified_new_earlier_natural_stop,bbd9e7d8a34bfb0c76395570,new_runtime_control
dd48f23a350036f836a4225315a48e49c870955d68eb6d60c7d04ee20ab3d581,cd013ca3d5e416df6efde8f774c4590187ffed38da1e4e00423df5d1b8283f16,"[{""bytes"":3409739,""role"":""evidence"",""sha256"":""a81e3ecfc1d423f11289a1711ccd4d5cf3167f4d75576f5180bcc0b4c928fd23""},{""bytes"":5545,""role"":""hints"",""sha256"":""25e9a4092a2688dcb1e933161056b4a6362e1b3941610fd0b5aa205745c96c59""}]",f7da6a20cdee00f47fc72632a4ba1bd86059c32c54f78a911d210bcd07ea41d7,"[{""agent_id"":0,""dynamic_shared_state_changed"":false,""new_full_sha256"":""1b5e25176bf75e5931e66cf462f5fd28c02ec4fe3852fc343bca937a54ab0c6b"",""old_full_sha256"":""1b5e25176bf75e5931e66cf462f5fd28c02ec4fe3852fc343bca937a54ab0c6b"",""position"":0,""static_sha256"":""1b5e25176bf75e5931e66cf462f5fd28c02ec4fe3852fc343bca937a54ab0c6b""},{""agent_id"":0,""dynamic_shared_state_changed"":false,""new_full_sha256"":""aa779c3a112ede748b6afd1a465cb37a6bce66515a790f4c865704a9c0ef8bfe"",""old_full_sha256"":""aa779c3a112ede748b6afd1a465cb37a6bce66515a790f4c865704a9c0ef8bfe"",""position"":1,""static_sha256"":""aa779c3a112ede748b6afd1a465cb37a6bce66515a790f4c865704a9c0ef8bfe""},{""agent_id"":1,""dynamic_shared_state_changed"":false,""new_full_sha256"":""1b5e25176bf75e5931e66cf462f5fd28c02ec4fe3852fc343bca937a54ab0c6b"",""old_full_sha256"":""1b5e25176bf75e5931e66cf462f5fd28c02ec4fe3852fc343bca937a54ab0c6b"",""position"":0,""static_sha256"":""1b5e25176bf75e5931e66cf462f5fd28c02ec4fe3852fc343bca937a54ab0c6b""},{""agent_id"":1,""dynamic_shared_state_changed"":true,""new_full_sha256"":""9f91b02bbb4730fcc8945844bc3422d6163aa5ee2e6bbfda710c7484476f5bd4"",""old_full_sha256"":""3f5cbf3d6ca042672aa60d247c4c28b4eb159263102cb0aaaa640de43117116d"",""position"":1,""static_sha256"":""aa779c3a112ede748b6afd1a465cb37a6bce66515a790f4c865704a9c0ef8bfe""},{""agent_id"":2,""dynamic_shared_state_changed"":false,""new_full_sha256"":""1b5e25176bf75e5931e66cf462f5fd28c02ec4fe3852fc343bca937a54ab0c6b"",""old_full_sha256"":""1b5e25176bf75e5931e66cf462f5fd28c02ec4fe3852fc343bca937a54ab0c6b"",""position"":0,""static_sha256"":""1b5e25176bf75e5931e66cf462f5fd28c02ec4fe3852fc343bca937a54ab0c6b""},{""agent_id"":2,""dynamic_shared_state_changed"":true,""new_full_sha256"":""9cbb838a3124fc83029d0565e0381eddc0b1c610baaf4be0b8e291ebc09e0e69"",""old_full_sha256"":""d970040ffe30531c2c5432ebc494c42cca9e8161ef18480546e848007ff3c11c"",""position"":1,""static_sha256"":""aa779c3a112ede748b6afd1a465cb37a6bce66515a790f4c865704a9c0ef8bfe""},{""agent_id"":3,""dynamic_shared_state_changed"":false,""new_full_sha256"":""1b5e25176bf75e5931e66cf462f5fd28c02ec4fe3852fc343bca937a54ab0c6b"",""old_full_sha256"":""1b5e25176bf75e5931e66cf462f5fd28c02ec4fe3852fc343bca937a54ab0c6b"",""position"":0,""static_sha256"":""1b5e25176bf75e5931e66cf462f5fd28c02ec4fe3852fc343bca937a54ab0c6b""},{""agent_id"":3,""dynamic_shared_state_changed"":true,""new_full_sha256"":""61743ab0282aea155398f3fdf54015feb8ff4010e777adf635f8f2a7a4787c11"",""old_full_sha256"":""0d010b056c17674bb7b815b00356217a7b3dda531f73c971b504f4c8720d3a0e"",""position"":1,""static_sha256"":""aa779c3a112ede748b6afd1a465cb37a6bce66515a790f4c865704a9c0ef8bfe""}]",4,deepseek-v4-flash-0731,job_a94996c4b5c2e452c239f3ad794343ce1fb5ef9d0a37ab175f651fd426e327f1,c9570e36cbd2d832c80326bd7150937ac3147fdd3ed705190ff3ca22b8f14c95,6b09495845fa6c1dc324a82ba471bcfba59265aaa4912ff0acf8307239e84bed,80d58f390299f0551b29aae5b88a7a98a998dcb4e8ba8df37db1d53600532253,537795,runs/aux-controls/deepseek/invocations/job_a94996c4b5c2e452c239f3ad794343ce1fb5ef9d0a37ab175f651fd426e327f1/result/poolact/result.json,6f2a078629a069f321bee1391b338351be8fbce6350dd91d12419936cfd64998,0e6c51b6d86f42437038518c2fc8adc510901c0b,885a5bd70dffe02b8dd610f1699e9f675da2b926,4f28d240bfbb6e38d68a1db3466b8c78b8cdbb0b13962b99509a66f713cc0765,raw_API_verified_new_earlier_natural_stop,c52650f11387ce2601b652b9,new_runtime_control
6ba8e42587b6922644784c686d6209e5201f097dd14cef09e3daa6776e607283,4192126703687b142fdf7d1f3049c014bff3ac2ed4c2ec6a27647c38d775fe4e,"[{""bytes"":3409739,""role"":""evidence"",""sha256"":""a81e3ecfc1d423f11289a1711ccd4d5cf3167f4d75576f5180bcc0b4c928fd23""},{""bytes"":5545,""role"":""hints"",""sha256"":""25e9a4092a2688dcb1e933161056b4a6362e1b3941610fd0b5aa205745c96c59""}]",f7da6a20cdee00f47fc72632a4ba1bd86059c32c54f78a911d210bcd07ea41d7,"[{""agent_id"":0,""dynamic_shared_state_changed"":false,""new_full_sha256"":""1b5e25176bf75e5931e66cf462f5fd28c02ec4fe3852fc343bca937a54ab0c6b"",""old_full_sha256"":""1b5e25176bf75e5931e66cf462f5fd28c02ec4fe3852fc343bca937a54ab0c6b"",""position"":0,""static_sha256"":""1b5e25176bf75e5931e66cf462f5fd28c02ec4fe3852fc343bca937a54ab0c6b""},{""agent_id"":0,""dynamic_shared_state_changed"":false,""new_full_sha256"":""634971e49b4525cc21ddd95663d136a30e7b70b635d60ef9f029315c25640a1b"",""old_full_sha256"":""634971e49b4525cc21ddd95663d136a30e7b70b635d60ef9f029315c25640a1b"",""position"":1,""static_sha256"":""7a65e4929fb1e14c05f2ef7e467c2e7401b9b250270bc70e7c783fe54f1f4a00""},{""agent_id"":1,""dynamic_shared_state_changed"":false,""new_full_sha256"":""1b5e25176bf75e5931e66cf462f5fd28c02ec4fe3852fc343bca937a54ab0c6b"",""old_full_sha256"":""1b5e25176bf75e5931e66cf462f5fd28c02ec4fe3852fc343bca937a54ab0c6b"",""position"":0,""static_sha256"":""1b5e25176bf75e5931e66cf462f5fd28c02ec4fe3852fc343bca937a54ab0c6b""},{""agent_id"":1,""dynamic_shared_state_changed"":false,""new_full_sha256"":""7a65e4929fb1e14c05f2ef7e467c2e7401b9b250270bc70e7c783fe54f1f4a00"",""old_full_sha256"":""7a65e4929fb1e14c05f2ef7e467c2e7401b9b250270bc70e7c783fe54f1f4a00"",""position"":1,""static_sha256"":""7a65e4929fb1e14c05f2ef7e467c2e7401b9b250270bc70e7c783fe54f1f4a00""},{""agent_id"":2,""dynamic_shared_state_changed"":false,""new_full_sha256"":""1b5e25176bf75e5931e66cf462f5fd28c02ec4fe3852fc343bca937a54ab0c6b"",""old_full_sha256"":""1b5e25176bf75e5931e66cf462f5fd28c02ec4fe3852fc343bca937a54ab0c6b"",""position"":0,""static_sha256"":""1b5e25176bf75e5931e66cf462f5fd28c02ec4fe3852fc343bca937a54ab0c6b""},{""agent_id"":2,""dynamic_shared_state_changed"":true,""new_full_sha256"":""e6b7109a929f94cfe27376326425343d077b6481bd04e8d5259296addeb71d9b"",""old_full_sha256"":""b12192043ea387bd41b314862ee0d61ca1b07025c4652bf4343ee13c331ab870"",""position"":1,""static_sha256"":""7a65e4929fb1e14c05f2ef7e467c2e7401b9b250270bc70e7c783fe54f1f4a00""},{""agent_id"":3,""dynamic_shared_state_changed"":false,""new_full_sha256"":""1b5e25176bf75e5931e66cf462f5fd28c02ec4fe3852fc343bca937a54ab0c6b"",""old_full_sha256"":""1b5e25176bf75e5931e66cf462f5fd28c02ec4fe3852fc343bca937a54ab0c6b"",""position"":0,""static_sha256"":""1b5e25176bf75e5931e66cf462f5fd28c02ec4fe3852fc343bca937a54ab0c6b""},{""agent_id"":3,""dynamic_shared_state_changed"":true,""new_full_sha256"":""10e87d206f5d9c40bd2c182c38e84aad4a63eaaaa9dd7df89488f60140a6fe08"",""old_full_sha256"":""f5ee7d4c7b5a500426ea657baa292352c579b779034925874d05c436f12f547c"",""position"":1,""static_sha256"":""7a65e4929fb1e14c05f2ef7e467c2e7401b9b250270bc70e7c783fe54f1f4a00""}]",4,qwen3.8-2.4t-a95b-fp8,job_639ad6e056045db6ed376c1f3be2899b1816f9983d386b02708f493ab98fa304,fd30c8ee1d53c7d0dab80b2ad5c983c1b121980c74818854618c6841c66c6762,6b09495845fa6c1dc324a82ba471bcfba59265aaa4912ff0acf8307239e84bed,80d58f390299f0551b29aae5b88a7a98a998dcb4e8ba8df37db1d53600532253,455541,runs/aux-controls/qwen/invocations/job_639ad6e056045db6ed376c1f3be2899b1816f9983d386b02708f493ab98fa304/result/poolact/result.json,901b1855957b31453f1efa74d0b76a27a1454c54ca56eeaab303e4c2de6009a4,0e6c51b6d86f42437038518c2fc8adc510901c0b,ffca5704580b75e254f6e52dd4fe9dff104b1be8,cb2fe024256e8f2e7eaf882cd34af2fd7217ba1af21e6f7d9f23243f50a09f02,raw_API_verified_new_earlier_natural_stop,c71943652fd8b85b914b258f,new_runtime_control
d508839df6d2f39d43a83f3eb8e79e046aa2e36e5a58723bb93527b016ac38f2,34ddb9b4bfb9cf6119e7f0aeddfb03c1a7efce2832083485235007be0e70c82b,"[{""bytes"":3409739,""role"":""evidence"",""sha256"":""a81e3ecfc1d423f11289a1711ccd4d5cf3167f4d75576f5180bcc0b4c928fd23""},{""bytes"":5545,""role"":""hints"",""sha256"":""25e9a4092a2688dcb1e933161056b4a6362e1b3941610fd0b5aa205745c96c59""}]",f7da6a20cdee00f47fc72632a4ba1bd86059c32c54f78a911d210bcd07ea41d7,"[{""agent_id"":-1,""dynamic_shared_state_changed"":false,""new_full_sha256"":""1b5e25176bf75e5931e66cf462f5fd28c02ec4fe3852fc343bca937a54ab0c6b"",""old_full_sha256"":""1b5e25176bf75e5931e66cf462f5fd28c02ec4fe3852fc343bca937a54ab0c6b"",""position"":0,""static_sha256"":""1b5e25176bf75e5931e66cf462f5fd28c02ec4fe3852fc343bca937a54ab0c6b""},{""agent_id"":-1,""dynamic_shared_state_changed"":false,""new_full_sha256"":""8fba42d72092f69e7c0aa39b926ad60d5b033e4a3115d2ebc69d59a8f50cee9e"",""old_full_sha256"":""8fba42d72092f69e7c0aa39b926ad60d5b033e4a3115d2ebc69d59a8f50cee9e"",""position"":1,""static_sha256"":""8fba42d72092f69e7c0aa39b926ad60d5b033e4a3115d2ebc69d59a8f50cee9e""}]",1,qwen3.8-2.4t-a95b-fp8,job_7b0fb33850f8b5e007db23c0675e6d254fa8bc1b5540002f77c3ce57b18720da,b7c65f68018d4f82176aa8f368719cbf79644d67e99c9801172fd6b778fb4a9c,6b09495845fa6c1dc324a82ba471bcfba59265aaa4912ff0acf8307239e84bed,80d58f390299f0551b29aae5b88a7a98a998dcb4e8ba8df37db1d53600532253,156913,runs/aux-controls/qwen/invocations/job_7b0fb33850f8b5e007db23c0675e6d254fa8bc1b5540002f77c3ce57b18720da/result/qwen3.8-2.4t-a95b-fp8_cost_tight/traces-v2/evidence_audit_cc-large_5_r2_s2202.json,37cf2367edb1f2ab4cbe9eeee518d9f128463434072de501986251432a2bc11b,0e6c51b6d86f42437038518c2fc8adc510901c0b,ffca5704580b75e254f6e52dd4fe9dff104b1be8,cb2fe024256e8f2e7eaf882cd34af2fd7217ba1af21e6f7d9f23243f50a09f02,raw_API_verified_new_earlier_natural_stop,d54da21543d4c5d5267cf280,new_runtime_control
2a6aa85cb84e691c78b27a692a32cfb3be0725cb5abfd7bb705539d75fabd8b4,23dbb1e5317f3a6a3e29cd4826f9c16de2eea95f325ea56ed1cf808c6a90eed7,"[{""bytes"":3409739,""role"":""evidence"",""sha256"":""a81e3ecfc1d423f11289a1711ccd4d5cf3167f4d75576f5180bcc0b4c928fd23""},{""bytes"":5545,""role"":""hints"",""sha256"":""25e9a4092a2688dcb1e933161056b4a6362e1b3941610fd0b5aa205745c96c59""}]",f7da6a20cdee00f47fc72632a4ba1bd86059c32c54f78a911d210bcd07ea41d7,"[{""agent_id"":0,""dynamic_shared_state_changed"":false,""new_full_sha256"":""1b5e25176bf75e5931e66cf462f5fd28c02ec4fe3852fc343bca937a54ab0c6b"",""old_full_sha256"":""1b5e25176bf75e5931e66cf462f5fd28c02ec4fe3852fc343bca937a54ab0c6b"",""position"":0,""static_sha256"":""1b5e25176bf75e5931e66cf462f5fd28c02ec4fe3852fc343bca937a54ab0c6b""},{""agent_id"":0,""dynamic_shared_state_changed"":false,""new_full_sha256"":""8e0c29a0116f38842f4a5a9b8cef11e892df9c47d7b10244f70ab9eeeaef21cf"",""old_full_sha256"":""8e0c29a0116f38842f4a5a9b8cef11e892df9c47d7b10244f70ab9eeeaef21cf"",""position"":1,""static_sha256"":""8e0c29a0116f38842f4a5a9b8cef11e892df9c47d7b10244f70ab9eeeaef21cf""},{""agent_id"":1,""dynamic_shared_state_changed"":false,""new_full_sha256"":""1b5e25176bf75e5931e66cf462f5fd28c02ec4fe3852fc343bca937a54ab0c6b"",""old_full_sha256"":""1b5e25176bf75e5931e66cf462f5fd28c02ec4fe3852fc343bca937a54ab0c6b"",""position"":0,""static_sha256"":""1b5e25176bf75e5931e66cf462f5fd28c02ec4fe3852fc343bca937a54ab0c6b""},{""agent_id"":1,""dynamic_shared_state_changed"":false,""new_full_sha256"":""8e0c29a0116f38842f4a5a9b8cef11e892df9c47d7b10244f70ab9eeeaef21cf"",""old_full_sha256"":""8e0c29a0116f38842f4a5a9b8cef11e892df9c47d7b10244f70ab9eeeaef21cf"",""position"":1,""static_sha256"":""8e0c29a0116f38842f4a5a9b8cef11e892df9c47d7b10244f70ab9eeeaef21cf""},{""agent_id"":2,""dynamic_shared_state_changed"":false,""new_full_sha256"":""1b5e25176bf75e5931e66cf462f5fd28c02ec4fe3852fc343bca937a54ab0c6b"",""old_full_sha256"":""1b5e25176bf75e5931e66cf462f5fd28c02ec4fe3852fc343bca937a54ab0c6b"",""position"":0,""static_sha256"":""1b5e25176bf75e5931e66cf462f5fd28c02ec4fe3852fc343bca937a54ab0c6b""},{""agent_id"":2,""dynamic_shared_state_changed"":false,""new_full_sha256"":""8e0c29a0116f38842f4a5a9b8cef11e892df9c47d7b10244f70ab9eeeaef21cf"",""old_full_sha256"":""8e0c29a0116f38842f4a5a9b8cef11e892df9c47d7b10244f70ab9eeeaef21cf"",""position"":1,""static_sha256"":""8e0c29a0116f38842f4a5a9b8cef11e892df9c47d7b10244f70ab9eeeaef21cf""},{""agent_id"":3,""dynamic_shared_state_changed"":false,""new_full_sha256"":""1b5e25176bf75e5931e66cf462f5fd28c02ec4fe3852fc343bca937a54ab0c6b"",""old_full_sha256"":""1b5e25176bf75e5931e66cf462f5fd28c02ec4fe3852fc343bca937a54ab0c6b"",""position"":0,""static_sha256"":""1b5e25176bf75e5931e66cf462f5fd28c02ec4fe3852fc343bca937a54ab0c6b""},{""agent_id"":3,""dynamic_shared_state_changed"":false,""new_full_sha256"":""8e0c29a0116f38842f4a5a9b8cef11e892df9c47d7b10244f70ab9eeeaef21cf"",""old_full_sha256"":""8e0c29a0116f38842f4a5a9b8cef11e892df9c47d7b10244f70ab9eeeaef21cf"",""position"":1,""static_sha256"":""8e0c29a0116f38842f4a5a9b8cef11e892df9c47d7b10244f70ab9eeeaef21cf""}]",4,qwen3.8-2.4t-a95b-fp8,job_19420d5c007ed87d8c0d9656125e3907aee6713167fcfba0d4f3a69020e5b6cc,191200492c609bff5919970fbed509d82881b02711e65969d9fca80f358c9c99,6b09495845fa6c1dc324a82ba471bcfba59265aaa4912ff0acf8307239e84bed,80d58f390299f0551b29aae5b88a7a98a998dcb4e8ba8df37db1d53600532253,383712,runs/aux-controls/qwen/invocations/job_19420d5c007ed87d8c0d9656125e3907aee6713167fcfba0d4f3a69020e5b6cc/result/cached/result.json,cb7e92a0aa2349c58246ee13abca1580a59ab11700dbba7e0a7dc688150c615d,0e6c51b6d86f42437038518c2fc8adc510901c0b,ffca5704580b75e254f6e52dd4fe9dff104b1be8,cb2fe024256e8f2e7eaf882cd34af2fd7217ba1af21e6f7d9f23243f50a09f02,raw_API_verified_new_earlier_natural_stop,d67c769bf1e64fefbbc93e94,new_runtime_control
6506a68806e3e3338e0be7a1dec45bb139c505fd55b931b6a9a1094db9fe308f,c16574870d434d189d46b69e09afdf2f49d51648f075006b69373f042611827f,"[{""bytes"":3409739,""role"":""evidence"",""sha256"":""a81e3ecfc1d423f11289a1711ccd4d5cf3167f4d75576f5180bcc0b4c928fd23""},{""bytes"":5545,""role"":""hints"",""sha256"":""25e9a4092a2688dcb1e933161056b4a6362e1b3941610fd0b5aa205745c96c59""}]",f7da6a20cdee00f47fc72632a4ba1bd86059c32c54f78a911d210bcd07ea41d7,"[{""agent_id"":0,""dynamic_shared_state_changed"":false,""new_full_sha256"":""1b5e25176bf75e5931e66cf462f5fd28c02ec4fe3852fc343bca937a54ab0c6b"",""old_full_sha256"":""1b5e25176bf75e5931e66cf462f5fd28c02ec4fe3852fc343bca937a54ab0c6b"",""position"":0,""static_sha256"":""1b5e25176bf75e5931e66cf462f5fd28c02ec4fe3852fc343bca937a54ab0c6b""},{""agent_id"":0,""dynamic_shared_state_changed"":false,""new_full_sha256"":""b729da11fb2b059bf53f0b8071ca792048ed60a94008dd0103015cdcf79d9a86"",""old_full_sha256"":""b729da11fb2b059bf53f0b8071ca792048ed60a94008dd0103015cdcf79d9a86"",""position"":1,""static_sha256"":""b729da11fb2b059bf53f0b8071ca792048ed60a94008dd0103015cdcf79d9a86""},{""agent_id"":1,""dynamic_shared_state_changed"":false,""new_full_sha256"":""1b5e25176bf75e5931e66cf462f5fd28c02ec4fe3852fc343bca937a54ab0c6b"",""old_full_sha256"":""1b5e25176bf75e5931e66cf462f5fd28c02ec4fe3852fc343bca937a54ab0c6b"",""position"":0,""static_sha256"":""1b5e25176bf75e5931e66cf462f5fd28c02ec4fe3852fc343bca937a54ab0c6b""},{""agent_id"":1,""dynamic_shared_state_changed"":false,""new_full_sha256"":""837718f619ff0dbd9fc164527ddd4a26ee78f8be346638fe3a4352bf9d792a36"",""old_full_sha256"":""837718f619ff0dbd9fc164527ddd4a26ee78f8be346638fe3a4352bf9d792a36"",""position"":1,""static_sha256"":""b729da11fb2b059bf53f0b8071ca792048ed60a94008dd0103015cdcf79d9a86""},{""agent_id"":2,""dynamic_shared_state_changed"":false,""new_full_sha256"":""1b5e25176bf75e5931e66cf462f5fd28c02ec4fe3852fc343bca937a54ab0c6b"",""old_full_sha256"":""1b5e25176bf75e5931e66cf462f5fd28c02ec4fe3852fc343bca937a54ab0c6b"",""position"":0,""static_sha256"":""1b5e25176bf75e5931e66cf462f5fd28c02ec4fe3852fc343bca937a54ab0c6b""},{""agent_id"":2,""dynamic_shared_state_changed"":true,""new_full_sha256"":""2c2cd8e5ff94265b7936d99b5d65bc5b67d31fc7c3d69e4a6419439cd84aeefa"",""old_full_sha256"":""f9c1ae48a28f2b0d669f158e31b006370c9cfc16367840599ff3649c82a55461"",""position"":1,""static_sha256"":""b729da11fb2b059bf53f0b8071ca792048ed60a94008dd0103015cdcf79d9a86""},{""agent_id"":3,""dynamic_shared_state_changed"":false,""new_full_sha256"":""1b5e25176bf75e5931e66cf462f5fd28c02ec4fe3852fc343bca937a54ab0c6b"",""old_full_sha256"":""1b5e25176bf75e5931e66cf462f5fd28c02ec4fe3852fc343bca937a54ab0c6b"",""position"":0,""static_sha256"":""1b5e25176bf75e5931e66cf462f5fd28c02ec4fe3852fc343bca937a54ab0c6b""},{""agent_id"":3,""dynamic_shared_state_changed"":true,""new_full_sha256"":""b6122dd065b3d620914c7f4c27f9eebc509549b6ce1ee243f8a99d38277aa12c"",""old_full_sha256"":""e2de085653b45a90d0c287337ab5cf5f0af3328a68f4d80f516843707df8e3cc"",""position"":1,""static_sha256"":""b729da11fb2b059bf53f0b8071ca792048ed60a94008dd0103015cdcf79d9a86""}]",4,qwen3.8-2.4t-a95b-fp8,job_a00348774c94feb636ac796759c1854e528e63a451de06de23a1f0138c3400a2,754b7b9db78c4701c0d31fddcab6cbe087ecd7edbe017c6f0894a05aaa37d402,6b09495845fa6c1dc324a82ba471bcfba59265aaa4912ff0acf8307239e84bed,80d58f390299f0551b29aae5b88a7a98a998dcb4e8ba8df37db1d53600532253,492833,runs/aux-controls/qwen/invocations/job_a00348774c94feb636ac796759c1854e528e63a451de06de23a1f0138c3400a2/result/poolact/result.json,504339d1bd2b896578f4e6b7b549c84296a9174b2def2065c4d2f55623b69c1b,0e6c51b6d86f42437038518c2fc8adc510901c0b,ffca5704580b75e254f6e52dd4fe9dff104b1be8,cb2fe024256e8f2e7eaf882cd34af2fd7217ba1af21e6f7d9f23243f50a09f02,raw_API_verified_new_earlier_natural_stop,e0d5f2259519e3141c3b434d,new_runtime_control
7f3e798261895c7bc4426557810246a197b8349f62ada7c720143cdb11b3b321,fe6ccd72dfb3dec50b5a06e8b54c1f635c45ea1827835942f994024862598288,"[{""bytes"":3409739,""role"":""evidence"",""sha256"":""a81e3ecfc1d423f11289a1711ccd4d5cf3167f4d75576f5180bcc0b4c928fd23""},{""bytes"":5545,""role"":""hints"",""sha256"":""25e9a4092a2688dcb1e933161056b4a6362e1b3941610fd0b5aa205745c96c59""}]",f7da6a20cdee00f47fc72632a4ba1bd86059c32c54f78a911d210bcd07ea41d7,"[{""agent_id"":0,""dynamic_shared_state_changed"":false,""new_full_sha256"":""1b5e25176bf75e5931e66cf462f5fd28c02ec4fe3852fc343bca937a54ab0c6b"",""old_full_sha256"":""1b5e25176bf75e5931e66cf462f5fd28c02ec4fe3852fc343bca937a54ab0c6b"",""position"":0,""static_sha256"":""1b5e25176bf75e5931e66cf462f5fd28c02ec4fe3852fc343bca937a54ab0c6b""},{""agent_id"":0,""dynamic_shared_state_changed"":true,""new_full_sha256"":""56c3d7f5eacd6c337d2685a1b693ce18a08e36638415fd8fd345321da2235735"",""old_full_sha256"":""9a6bd7a95122187d4ae8c41c62966f30ca4c6bd5d597fa8c9d26a8b3b9438eb9"",""position"":1,""static_sha256"":""56c3d7f5eacd6c337d2685a1b693ce18a08e36638415fd8fd345321da2235735""},{""agent_id"":1,""dynamic_shared_state_changed"":false,""new_full_sha256"":""1b5e25176bf75e5931e66cf462f5fd28c02ec4fe3852fc343bca937a54ab0c6b"",""old_full_sha256"":""1b5e25176bf75e5931e66cf462f5fd28c02ec4fe3852fc343bca937a54ab0c6b"",""position"":0,""static_sha256"":""1b5e25176bf75e5931e66cf462f5fd28c02ec4fe3852fc343bca937a54ab0c6b""},{""agent_id"":1,""dynamic_shared_state_changed"":true,""new_full_sha256"":""58774c6f6c5028f6ba9d839a7d43b096d7f61593242466dfd9b584d4a5c6ef78"",""old_full_sha256"":""56c3d7f5eacd6c337d2685a1b693ce18a08e36638415fd8fd345321da2235735"",""position"":1,""static_sha256"":""56c3d7f5eacd6c337d2685a1b693ce18a08e36638415fd8fd345321da2235735""},{""agent_id"":2,""dynamic_shared_state_changed"":false,""new_full_sha256"":""1b5e25176bf75e5931e66cf462f5fd28c02ec4fe3852fc343bca937a54ab0c6b"",""old_full_sha256"":""1b5e25176bf75e5931e66cf462f5fd28c02ec4fe3852fc343bca937a54ab0c6b"",""position"":0,""static_sha256"":""1b5e25176bf75e5931e66cf462f5fd28c02ec4fe3852fc343bca937a54ab0c6b""},{""agent_id"":2,""dynamic_shared_state_changed"":true,""new_full_sha256"":""bc467065624c14cfb41ae4bb754d5cde7449294a656c9e37facb983f88ae4559"",""old_full_sha256"":""8a5d0b8c25885d51237810e425d4780e698bb483f80aa7a8a71883a7c39d4067"",""position"":1,""static_sha256"":""56c3d7f5eacd6c337d2685a1b693ce18a08e36638415fd8fd345321da2235735""},{""agent_id"":3,""dynamic_shared_state_changed"":false,""new_full_sha256"":""1b5e25176bf75e5931e66cf462f5fd28c02ec4fe3852fc343bca937a54ab0c6b"",""old_full_sha256"":""1b5e25176bf75e5931e66cf462f5fd28c02ec4fe3852fc343bca937a54ab0c6b"",""position"":0,""static_sha256"":""1b5e25176bf75e5931e66cf462f5fd28c02ec4fe3852fc343bca937a54ab0c6b""},{""agent_id"":3,""dynamic_shared_state_changed"":true,""new_full_sha256"":""41866542bb00ce14e69b9dd36d5fef2c8829178c785a2d83d1786c479b81833c"",""old_full_sha256"":""18fb5bf5a3df6419791b3ae67344439adf18280416ce1ca57cef3b4cccc81cef"",""position"":1,""static_sha256"":""56c3d7f5eacd6c337d2685a1b693ce18a08e36638415fd8fd345321da2235735""}]",4,deepseek-v4-flash-0731,job_3ef2b16f50552dd02dc3d0a88b9b97b4992b0a1eb5208e86223b1639c02cb689,f00f3564772e7f2a918460554761f10decf11ddcbeccef542f7aa3e42727764f,6b09495845fa6c1dc324a82ba471bcfba59265aaa4912ff0acf8307239e84bed,80d58f390299f0551b29aae5b88a7a98a998dcb4e8ba8df37db1d53600532253,439217,runs/aux-controls/deepseek/invocations/job_3ef2b16f50552dd02dc3d0a88b9b97b4992b0a1eb5208e86223b1639c02cb689/result/poolact/result.json,dcd0bb4110dc8c54b8dce0a7ec6a4721c3d79a68206de1b26184f7f0ce54c327,0e6c51b6d86f42437038518c2fc8adc510901c0b,885a5bd70dffe02b8dd610f1699e9f675da2b926,4f28d240bfbb6e38d68a1db3466b8c78b8cdbb0b13962b99509a66f713cc0765,raw_API_verified_new_earlier_natural_stop,e2b70fd229e0ad9833f041fc,new_runtime_control
57a00c5561c7ed9599ae2e8fff5a78087d72f630dad74a153b5569bec5dc719b,d46d284dacb031457c390634c55a12564096e7ca8d48ca4afd8164ac16bde6d0,"[{""bytes"":3409739,""role"":""evidence"",""sha256"":""a81e3ecfc1d423f11289a1711ccd4d5cf3167f4d75576f5180bcc0b4c928fd23""},{""bytes"":5545,""role"":""hints"",""sha256"":""25e9a4092a2688dcb1e933161056b4a6362e1b3941610fd0b5aa205745c96c59""}]",f7da6a20cdee00f47fc72632a4ba1bd86059c32c54f78a911d210bcd07ea41d7,"[{""agent_id"":0,""dynamic_shared_state_changed"":false,""new_full_sha256"":""1b5e25176bf75e5931e66cf462f5fd28c02ec4fe3852fc343bca937a54ab0c6b"",""old_full_sha256"":""1b5e25176bf75e5931e66cf462f5fd28c02ec4fe3852fc343bca937a54ab0c6b"",""position"":0,""static_sha256"":""1b5e25176bf75e5931e66cf462f5fd28c02ec4fe3852fc343bca937a54ab0c6b""},{""agent_id"":0,""dynamic_shared_state_changed"":false,""new_full_sha256"":""9254c0a76f56089fc3dc43e34e0690d00f1a38dd90d172d68e7bcc09a81b84ce"",""old_full_sha256"":""9254c0a76f56089fc3dc43e34e0690d00f1a38dd90d172d68e7bcc09a81b84ce"",""position"":1,""static_sha256"":""9254c0a76f56089fc3dc43e34e0690d00f1a38dd90d172d68e7bcc09a81b84ce""},{""agent_id"":1,""dynamic_shared_state_changed"":false,""new_full_sha256"":""1b5e25176bf75e5931e66cf462f5fd28c02ec4fe3852fc343bca937a54ab0c6b"",""old_full_sha256"":""1b5e25176bf75e5931e66cf462f5fd28c02ec4fe3852fc343bca937a54ab0c6b"",""position"":0,""static_sha256"":""1b5e25176bf75e5931e66cf462f5fd28c02ec4fe3852fc343bca937a54ab0c6b""},{""agent_id"":1,""dynamic_shared_state_changed"":true,""new_full_sha256"":""1425ea85147b90328805294f8c5790bbcdd44f7c876f5841267433839b5fc243"",""old_full_sha256"":""5368550944ee6da9bec5b7757dabee5792a8b8567b8fd6e928a0ca6d69d3e9df"",""position"":1,""static_sha256"":""9254c0a76f56089fc3dc43e34e0690d00f1a38dd90d172d68e7bcc09a81b84ce""},{""agent_id"":2,""dynamic_shared_state_changed"":false,""new_full_sha256"":""1b5e25176bf75e5931e66cf462f5fd28c02ec4fe3852fc343bca937a54ab0c6b"",""old_full_sha256"":""1b5e25176bf75e5931e66cf462f5fd28c02ec4fe3852fc343bca937a54ab0c6b"",""position"":0,""static_sha256"":""1b5e25176bf75e5931e66cf462f5fd28c02ec4fe3852fc343bca937a54ab0c6b""},{""agent_id"":2,""dynamic_shared_state_changed"":true,""new_full_sha256"":""902faf7f6f711ff4da799f1776c3e72f515aa7370482abb5be6daa6194fb2a07"",""old_full_sha256"":""ee3ae42c663eb29092e1d78c7f5bd4d65ab4eeb5eac3efa9e670b55273d2c429"",""position"":1,""static_sha256"":""9254c0a76f56089fc3dc43e34e0690d00f1a38dd90d172d68e7bcc09a81b84ce""},{""agent_id"":3,""dynamic_shared_state_changed"":false,""new_full_sha256"":""1b5e25176bf75e5931e66cf462f5fd28c02ec4fe3852fc343bca937a54ab0c6b"",""old_full_sha256"":""1b5e25176bf75e5931e66cf462f5fd28c02ec4fe3852fc343bca937a54ab0c6b"",""position"":0,""static_sha256"":""1b5e25176bf75e5931e66cf462f5fd28c02ec4fe3852fc343bca937a54ab0c6b""},{""agent_id"":3,""dynamic_shared_state_changed"":true,""new_full_sha256"":""fae954933887b951a33e0804ee53f15a025cc049be3595b049ba84d5c58b1fdb"",""old_full_sha256"":""ce97d4d719c5360e648bd89b832e49437f7b90e949bb3a19db61808b7b84cf3e"",""position"":1,""static_sha256"":""9254c0a76f56089fc3dc43e34e0690d00f1a38dd90d172d68e7bcc09a81b84ce""}]",4,deepseek-v4-flash-0731,job_d9f4a75faeec46b489de0c9cd02e94c542aefe8d4a4d5a9fe531ece55c5156c3,1fc00fb45047fb23670783452e47644b9e51d65ccb1901d04dbf32b02ebd5afa,6b09495845fa6c1dc324a82ba471bcfba59265aaa4912ff0acf8307239e84bed,80d58f390299f0551b29aae5b88a7a98a998dcb4e8ba8df37db1d53600532253,707578,runs/aux-controls/deepseek/invocations/job_d9f4a75faeec46b489de0c9cd02e94c542aefe8d4a4d5a9fe531ece55c5156c3/result/poolact/result.json,b86b249d6b7b433181d2979ca998f73c64803ce30e4557ff0c6d7a11b12e18b6,0e6c51b6d86f42437038518c2fc8adc510901c0b,885a5bd70dffe02b8dd610f1699e9f675da2b926,4f28d240bfbb6e38d68a1db3466b8c78b8cdbb0b13962b99509a66f713cc0765,raw_API_verified_new_earlier_natural_stop,e4a3de7414124ba25ae424c0,new_runtime_control
8ca43e83e831fb916cb5ea8c51510fe934dd6d38cc8ec1011b3c06735ea7b194,1b1ee38696200510624ea7884f7bba9b5dd212e0313ccbcecfa06f04f230599c,"[{""bytes"":3409739,""role"":""evidence"",""sha256"":""a81e3ecfc1d423f11289a1711ccd4d5cf3167f4d75576f5180bcc0b4c928fd23""},{""bytes"":5545,""role"":""hints"",""sha256"":""25e9a4092a2688dcb1e933161056b4a6362e1b3941610fd0b5aa205745c96c59""}]",f7da6a20cdee00f47fc72632a4ba1bd86059c32c54f78a911d210bcd07ea41d7,"[{""agent_id"":0,""dynamic_shared_state_changed"":false,""new_full_sha256"":""1b5e25176bf75e5931e66cf462f5fd28c02ec4fe3852fc343bca937a54ab0c6b"",""old_full_sha256"":""1b5e25176bf75e5931e66cf462f5fd28c02ec4fe3852fc343bca937a54ab0c6b"",""position"":0,""static_sha256"":""1b5e25176bf75e5931e66cf462f5fd28c02ec4fe3852fc343bca937a54ab0c6b""},{""agent_id"":0,""dynamic_shared_state_changed"":true,""new_full_sha256"":""901d7ae5a717aa4e55df7fec6e9b41d95261c3f09f0a368ca7463c6854d64ffa"",""old_full_sha256"":""c1ab62db746826c532e9315f2ba7981038300e811abdffdaebf7b2ef5964adb4"",""position"":1,""static_sha256"":""c1ab62db746826c532e9315f2ba7981038300e811abdffdaebf7b2ef5964adb4""},{""agent_id"":1,""dynamic_shared_state_changed"":false,""new_full_sha256"":""1b5e25176bf75e5931e66cf462f5fd28c02ec4fe3852fc343bca937a54ab0c6b"",""old_full_sha256"":""1b5e25176bf75e5931e66cf462f5fd28c02ec4fe3852fc343bca937a54ab0c6b"",""position"":0,""static_sha256"":""1b5e25176bf75e5931e66cf462f5fd28c02ec4fe3852fc343bca937a54ab0c6b""},{""agent_id"":1,""dynamic_shared_state_changed"":true,""new_full_sha256"":""c1ab62db746826c532e9315f2ba7981038300e811abdffdaebf7b2ef5964adb4"",""old_full_sha256"":""90c19fe608ecfd9da596410dc16dc69752dcf3804e3c286b0f28321bce9d59cf"",""position"":1,""static_sha256"":""c1ab62db746826c532e9315f2ba7981038300e811abdffdaebf7b2ef5964adb4""},{""agent_id"":2,""dynamic_shared_state_changed"":false,""new_full_sha256"":""1b5e25176bf75e5931e66cf462f5fd28c02ec4fe3852fc343bca937a54ab0c6b"",""old_full_sha256"":""1b5e25176bf75e5931e66cf462f5fd28c02ec4fe3852fc343bca937a54ab0c6b"",""position"":0,""static_sha256"":""1b5e25176bf75e5931e66cf462f5fd28c02ec4fe3852fc343bca937a54ab0c6b""},{""agent_id"":2,""dynamic_shared_state_changed"":true,""new_full_sha256"":""2c611f3f0ae0c4ce43c6f253335cad29576206c741b08fdf1a099de3f025d270"",""old_full_sha256"":""fc47339194f96989808b9eb0dcd0de023e9d4de1f56f3e74dc55c11533a6b9ed"",""position"":1,""static_sha256"":""c1ab62db746826c532e9315f2ba7981038300e811abdffdaebf7b2ef5964adb4""},{""agent_id"":3,""dynamic_shared_state_changed"":false,""new_full_sha256"":""1b5e25176bf75e5931e66cf462f5fd28c02ec4fe3852fc343bca937a54ab0c6b"",""old_full_sha256"":""1b5e25176bf75e5931e66cf462f5fd28c02ec4fe3852fc343bca937a54ab0c6b"",""position"":0,""static_sha256"":""1b5e25176bf75e5931e66cf462f5fd28c02ec4fe3852fc343bca937a54ab0c6b""},{""agent_id"":3,""dynamic_shared_state_changed"":true,""new_full_sha256"":""d2190aef53eabf6e00deaa4f5f6823300ab4551173035c192b12baf5892c1b9a"",""old_full_sha256"":""8cae0011a86f8fbecc6a0316bd759532f2394d6a63f6ffdb109acf489564dd72"",""position"":1,""static_sha256"":""c1ab62db746826c532e9315f2ba7981038300e811abdffdaebf7b2ef5964adb4""}]",4,qwen3.8-2.4t-a95b-fp8,job_57a3cbb8f62f514ba266a0287686fccbfa02930de9e054698683c24cf98fc97f,9590f5f8d5cffe74b858a60b7929d329052713c8c29f2da0767e5a28660b552f,6b09495845fa6c1dc324a82ba471bcfba59265aaa4912ff0acf8307239e84bed,80d58f390299f0551b29aae5b88a7a98a998dcb4e8ba8df37db1d53600532253,377760,runs/aux-controls/qwen/invocations/job_57a3cbb8f62f514ba266a0287686fccbfa02930de9e054698683c24cf98fc97f/result/poolact/result.json,5fbae23e314445cc99f8c37187b8f8f3cc2b7fcbd57045942fd35f70409c7878,0e6c51b6d86f42437038518c2fc8adc510901c0b,ffca5704580b75e254f6e52dd4fe9dff104b1be8,cb2fe024256e8f2e7eaf882cd34af2fd7217ba1af21e6f7d9f23243f50a09f02,raw_API_verified_new_earlier_natural_stop,efdd63d3b5c0599458713c62,new_runtime_control
e18143dd857f5ab131870ad64c36ade35215990e8572ec486a402eb32730c5ae,080afe6e7ebb5be67278258a8d518572fb524ae74b71c137da2a71d2133d99e0,"[{""bytes"":3409739,""role"":""evidence"",""sha256"":""a81e3ecfc1d423f11289a1711ccd4d5cf3167f4d75576f5180bcc0b4c928fd23""},{""bytes"":5545,""role"":""hints"",""sha256"":""25e9a4092a2688dcb1e933161056b4a6362e1b3941610fd0b5aa205745c96c59""}]",f7da6a20cdee00f47fc72632a4ba1bd86059c32c54f78a911d210bcd07ea41d7,"[{""agent_id"":0,""dynamic_shared_state_changed"":false,""new_full_sha256"":""1b5e25176bf75e5931e66cf462f5fd28c02ec4fe3852fc343bca937a54ab0c6b"",""old_full_sha256"":""1b5e25176bf75e5931e66cf462f5fd28c02ec4fe3852fc343bca937a54ab0c6b"",""position"":0,""static_sha256"":""1b5e25176bf75e5931e66cf462f5fd28c02ec4fe3852fc343bca937a54ab0c6b""},{""agent_id"":0,""dynamic_shared_state_changed"":true,""new_full_sha256"":""857ace78827c1ba1d665e64dfd0b93a376c5d4a5aa605105e91bd9c958d76d6f"",""old_full_sha256"":""b1679bffe28917e0b540eb2aef3a02ec3ad900dd1af480e97b374e1981f94969"",""position"":1,""static_sha256"":""b1679bffe28917e0b540eb2aef3a02ec3ad900dd1af480e97b374e1981f94969""},{""agent_id"":1,""dynamic_shared_state_changed"":false,""new_full_sha256"":""1b5e25176bf75e5931e66cf462f5fd28c02ec4fe3852fc343bca937a54ab0c6b"",""old_full_sha256"":""1b5e25176bf75e5931e66cf462f5fd28c02ec4fe3852fc343bca937a54ab0c6b"",""position"":0,""static_sha256"":""1b5e25176bf75e5931e66cf462f5fd28c02ec4fe3852fc343bca937a54ab0c6b""},{""agent_id"":1,""dynamic_shared_state_changed"":true,""new_full_sha256"":""e5c663af13b258565da083278adc288c3be6e4006dfb0325b137332e3d66c021"",""old_full_sha256"":""c8b3c92786f5edf2d55e3604fec5d5c4cb1fe1957090af3b223a6d05b770b040"",""position"":1,""static_sha256"":""b1679bffe28917e0b540eb2aef3a02ec3ad900dd1af480e97b374e1981f94969""},{""agent_id"":2,""dynamic_shared_state_changed"":false,""new_full_sha256"":""1b5e25176bf75e5931e66cf462f5fd28c02ec4fe3852fc343bca937a54ab0c6b"",""old_full_sha256"":""1b5e25176bf75e5931e66cf462f5fd28c02ec4fe3852fc343bca937a54ab0c6b"",""position"":0,""static_sha256"":""1b5e25176bf75e5931e66cf462f5fd28c02ec4fe3852fc343bca937a54ab0c6b""},{""agent_id"":2,""dynamic_shared_state_changed"":true,""new_full_sha256"":""80b2b72f587b7e17accf9e76446d30e7dd224a01b1eee52d6fcd42d2069073d0"",""old_full_sha256"":""f4acd3345cd9193e29e1ed437dce184a51af1c6a18624d59b958b52c4f061f4f"",""position"":1,""static_sha256"":""b1679bffe28917e0b540eb2aef3a02ec3ad900dd1af480e97b374e1981f94969""},{""agent_id"":3,""dynamic_shared_state_changed"":false,""new_full_sha256"":""1b5e25176bf75e5931e66cf462f5fd28c02ec4fe3852fc343bca937a54ab0c6b"",""old_full_sha256"":""1b5e25176bf75e5931e66cf462f5fd28c02ec4fe3852fc343bca937a54ab0c6b"",""position"":0,""static_sha256"":""1b5e25176bf75e5931e66cf462f5fd28c02ec4fe3852fc343bca937a54ab0c6b""},{""agent_id"":3,""dynamic_shared_state_changed"":true,""new_full_sha256"":""b1679bffe28917e0b540eb2aef3a02ec3ad900dd1af480e97b374e1981f94969"",""old_full_sha256"":""c76e566cbd381a8be429edda23b359a6ee8531a143d9db231f98f323e31cd2b8"",""position"":1,""static_sha256"":""b1679bffe28917e0b540eb2aef3a02ec3ad900dd1af480e97b374e1981f94969""}]",4,qwen3.8-2.4t-a95b-fp8,job_677a99eccb7d30f3ef8725af9ee13fbc616171d9f271a37929cd5527ca702dc1,8063b4f5be127cd38fb74efa3fc5f1ed662a5b74df331d8940393e774fa0bd82,6b09495845fa6c1dc324a82ba471bcfba59265aaa4912ff0acf8307239e84bed,80d58f390299f0551b29aae5b88a7a98a998dcb4e8ba8df37db1d53600532253,766504,runs/aux-controls/qwen/invocations/job_677a99eccb7d30f3ef8725af9ee13fbc616171d9f271a37929cd5527ca702dc1/result/poolact/result.json,2d8a4ddbdcf7a49f7cbac2dc8cb802fecf32b80f257f75e7c27a08191526ec97,0e6c51b6d86f42437038518c2fc8adc510901c0b,ffca5704580b75e254f6e52dd4fe9dff104b1be8,cb2fe024256e8f2e7eaf882cd34af2fd7217ba1af21e6f7d9f23243f50a09f02,raw_API_verified_new_earlier_natural_stop,f89ad4badf4c758833244ebb,new_runtime_control
a25760f01f44f81aa5b9234ea00b7bad12ce64e6f1d8f51fcbde74e5088f317e,5a7a79647eab193e137435d638450c39c055bacf469cc4d3721cc738b90baed7,"[{""bytes"":3409739,""role"":""evidence"",""sha256"":""a81e3ecfc1d423f11289a1711ccd4d5cf3167f4d75576f5180bcc0b4c928fd23""},{""bytes"":5545,""role"":""hints"",""sha256"":""25e9a4092a2688dcb1e933161056b4a6362e1b3941610fd0b5aa205745c96c59""}]",f7da6a20cdee00f47fc72632a4ba1bd86059c32c54f78a911d210bcd07ea41d7,"[{""agent_id"":0,""dynamic_shared_state_changed"":false,""new_full_sha256"":""1b5e25176bf75e5931e66cf462f5fd28c02ec4fe3852fc343bca937a54ab0c6b"",""old_full_sha256"":""1b5e25176bf75e5931e66cf462f5fd28c02ec4fe3852fc343bca937a54ab0c6b"",""position"":0,""static_sha256"":""1b5e25176bf75e5931e66cf462f5fd28c02ec4fe3852fc343bca937a54ab0c6b""},{""agent_id"":0,""dynamic_shared_state_changed"":false,""new_full_sha256"":""b9821f722783b0f21c2893af8437b8c81a5e9f5fd6d6223340592b62dda95041"",""old_full_sha256"":""b9821f722783b0f21c2893af8437b8c81a5e9f5fd6d6223340592b62dda95041"",""position"":1,""static_sha256"":""b9821f722783b0f21c2893af8437b8c81a5e9f5fd6d6223340592b62dda95041""},{""agent_id"":1,""dynamic_shared_state_changed"":false,""new_full_sha256"":""1b5e25176bf75e5931e66cf462f5fd28c02ec4fe3852fc343bca937a54ab0c6b"",""old_full_sha256"":""1b5e25176bf75e5931e66cf462f5fd28c02ec4fe3852fc343bca937a54ab0c6b"",""position"":0,""static_sha256"":""1b5e25176bf75e5931e66cf462f5fd28c02ec4fe3852fc343bca937a54ab0c6b""},{""agent_id"":1,""dynamic_shared_state_changed"":true,""new_full_sha256"":""9222051c0d6e6061308cce8da1c6e2651f49f70e2e751d75e3fab16bac309022"",""old_full_sha256"":""c6bec01b1877f93a7a5379ef6b617f78e972991aa804fa37dca1b03ee8ee7a3d"",""position"":1,""static_sha256"":""b9821f722783b0f21c2893af8437b8c81a5e9f5fd6d6223340592b62dda95041""},{""agent_id"":2,""dynamic_shared_state_changed"":false,""new_full_sha256"":""1b5e25176bf75e5931e66cf462f5fd28c02ec4fe3852fc343bca937a54ab0c6b"",""old_full_sha256"":""1b5e25176bf75e5931e66cf462f5fd28c02ec4fe3852fc343bca937a54ab0c6b"",""position"":0,""static_sha256"":""1b5e25176bf75e5931e66cf462f5fd28c02ec4fe3852fc343bca937a54ab0c6b""},{""agent_id"":2,""dynamic_shared_state_changed"":true,""new_full_sha256"":""4e77fd5d72a3c9c30af4557fdf2d1dd0766bcdf2988d38e6ca93d0604b2eac66"",""old_full_sha256"":""f72c352ae3511e0f912cf16a34d4ed070ef2c734add05ea7efaa6c6beed37d59"",""position"":1,""static_sha256"":""b9821f722783b0f21c2893af8437b8c81a5e9f5fd6d6223340592b62dda95041""},{""agent_id"":3,""dynamic_shared_state_changed"":false,""new_full_sha256"":""1b5e25176bf75e5931e66cf462f5fd28c02ec4fe3852fc343bca937a54ab0c6b"",""old_full_sha256"":""1b5e25176bf75e5931e66cf462f5fd28c02ec4fe3852fc343bca937a54ab0c6b"",""position"":0,""static_sha256"":""1b5e25176bf75e5931e66cf462f5fd28c02ec4fe3852fc343bca937a54ab0c6b""},{""agent_id"":3,""dynamic_shared_state_changed"":true,""new_full_sha256"":""5a4fa6022256338683b8163d29948296d06d45ba77e9603c3d0e8a4b6a62b6b8"",""old_full_sha256"":""2c3c932159d16dc47510b10cd32a12f12d8bfc702cf31be9ee08c01a5c550900"",""position"":1,""static_sha256"":""b9821f722783b0f21c2893af8437b8c81a5e9f5fd6d6223340592b62dda95041""}]",4,deepseek-v4-flash-0731,job_b618d8fee7dc9853ab7b37480994194325033efd0cb80c7998ba964bfbb8c17e,0b362e1cbb80a4dcbe897edc284df3ec94c65fbee1ca52f1c843e21ba6f6cd14,6b09495845fa6c1dc324a82ba471bcfba59265aaa4912ff0acf8307239e84bed,80d58f390299f0551b29aae5b88a7a98a998dcb4e8ba8df37db1d53600532253,396703,runs/aux-controls/deepseek/invocations/job_b618d8fee7dc9853ab7b37480994194325033efd0cb80c7998ba964bfbb8c17e/result/poolact/result.json,ddbca89c64378bea92e9c9408977bb3f242ea52673a15e0f269b3452c8c5b5fc,0e6c51b6d86f42437038518c2fc8adc510901c0b,885a5bd70dffe02b8dd610f1699e9f675da2b926,4f28d240bfbb6e38d68a1db3466b8c78b8cdbb0b13962b99509a66f713cc0765,raw_API_verified_new_earlier_natural_stop,fd9c7b49ec22cbc344c16ad4,new_runtime_control
