study_group,scenario,regime,strategy,reported_agents,effort,cohort,metric,mean,known_mean,expected_items,known_items,missing_items,expected_units,known_units,missing_units,unit
ablation,evidence_audit,cost_tight,cached,4,max,new,EA_MI,0.6346153846153846,0.6346153846153846,13,13,0,13,13,0,fraction
ablation,evidence_audit,cost_tight,cached,4,max,new,EA_MV,0.669683257918552,0.669683257918552,13,13,0,13,13,0,fraction
ablation,evidence_audit,cost_tight,cached,4,max,new,LA_MI,0.847285067873303,0.847285067873303,13,13,0,13,13,0,fraction
ablation,evidence_audit,cost_tight,cached,4,max,new,LA_MV,0.8868778280542986,0.8868778280542986,13,13,0,13,13,0,fraction
ablation,evidence_audit,cost_tight,graph_no_lock,4,max,new,EA_MI,0.6470588235294118,0.6470588235294118,13,13,0,13,13,0,fraction
ablation,evidence_audit,cost_tight,graph_no_lock,4,max,new,EA_MV,0.7647058823529412,0.7647058823529412,13,13,0,13,13,0,fraction
ablation,evidence_audit,cost_tight,graph_no_lock,4,max,new,LA_MI,0.7714932126696833,0.7714932126696833,13,13,0,13,13,0,fraction
ablation,evidence_audit,cost_tight,graph_no_lock,4,max,new,LA_MV,0.914027149321267,0.914027149321267,13,13,0,13,13,0,fraction
ablation,evidence_audit,cost_tight,naive,4,max,new,EA_MI,0.5910633484162896,0.5910633484162896,13,13,0,13,13,0,fraction
ablation,evidence_audit,cost_tight,naive,4,max,new,EA_MV,0.6312863606981254,0.6312863606981254,13,13,0,13,13,0,fraction
ablation,evidence_audit,cost_tight,naive,4,max,new,LA_MI,0.8201357466063348,0.8201357466063348,13,13,0,13,13,0,fraction
ablation,evidence_audit,cost_tight,naive,4,max,new,LA_MV,0.8827407886231415,0.8827407886231415,13,13,0,13,13,0,fraction
ablation,evidence_audit,cost_tight,peer_context,4,max,new,EA_MI,0.6368778280542986,0.6368778280542986,13,13,0,13,13,0,fraction
ablation,evidence_audit,cost_tight,peer_context,4,max,new,EA_MV,0.7149321266968326,0.7149321266968326,13,13,0,13,13,0,fraction
ablation,evidence_audit,cost_tight,peer_context,4,max,new,LA_MI,0.8156108597285068,0.8156108597285068,13,13,0,13,13,0,fraction
ablation,evidence_audit,cost_tight,peer_context,4,max,new,LA_MV,0.914027149321267,0.914027149321267,13,13,0,13,13,0,fraction
ablation,evidence_audit,cost_tight,poolact,4,max,new,EA_MI,0.6787330316742082,0.6787330316742082,13,13,0,13,13,0,fraction
ablation,evidence_audit,cost_tight,poolact,4,max,new,EA_MV,0.8099547511312217,0.8099547511312217,13,13,0,13,13,0,fraction
ablation,evidence_audit,cost_tight,poolact,4,max,new,LA_MI,0.7771493212669683,0.7771493212669683,13,13,0,13,13,0,fraction
ablation,evidence_audit,cost_tight,poolact,4,max,new,LA_MV,0.9411764705882353,0.9411764705882353,13,13,0,13,13,0,fraction
ablation,restricted_search,cost_tight,cached,4,max,new,F1_MI,0.18812053959112782,0.18812053959112782,39,39,0,39,39,0,fraction
ablation,restricted_search,cost_tight,cached,4,max,new,F1_MV,0.18761826408885232,0.18761826408885232,39,39,0,39,39,0,fraction
ablation,restricted_search,cost_tight,graph_no_lock,4,max,new,F1_MI,0.20548928195987018,0.20548928195987018,39,39,0,39,39,0,fraction
ablation,restricted_search,cost_tight,graph_no_lock,4,max,new,F1_MV,0.20737628384687207,0.20737628384687207,39,39,0,39,39,0,fraction
ablation,restricted_search,cost_tight,naive,4,max,new,F1_MI,0.18252890899949722,0.18252890899949722,39,39,0,39,39,0,fraction
ablation,restricted_search,cost_tight,naive,4,max,new,F1_MV,0.19577677224736048,0.19577677224736048,39,39,0,39,39,0,fraction
ablation,restricted_search,cost_tight,peer_context,4,max,new,F1_MI,0.23768763915822738,0.23768763915822738,39,39,0,39,39,0,fraction
ablation,restricted_search,cost_tight,peer_context,4,max,new,F1_MV,0.2374129138835021,0.2374129138835021,39,39,0,39,39,0,fraction
ablation,restricted_search,cost_tight,poolact,4,max,new,F1_MI,0.25932988580047406,0.25932988580047406,39,39,0,39,39,0,fraction
ablation,restricted_search,cost_tight,poolact,4,max,new,F1_MV,0.31164978812037636,0.31164978812037636,39,39,0,39,39,0,fraction
ablation,tuning,cost_tight,cached,4,max,new,Gap0_BoN,93.07478074009727,93.07478074009727,3,3,0,9,9,0,points
ablation,tuning,cost_tight,cached,4,max,new,Gap0_MI,85.26314783652084,85.26314783652084,3,3,0,9,9,0,points
ablation,tuning,cost_tight,cached,4,max,new,Gap_BoN,93.07478074009727,93.07478074009727,3,3,0,9,9,0,points
ablation,tuning,cost_tight,cached,4,max,new,Gap_MI,85.26314783652084,85.26314783652084,3,3,0,9,9,0,points
ablation,tuning,cost_tight,cached,4,max,new,RawPerf_BoN,0.9062574152593258,0.9062574152593258,3,3,0,9,9,0,fraction
ablation,tuning,cost_tight,cached,4,max,new,RawPerf_MI,0.8705660507634834,0.8705660507634834,3,3,0,9,9,0,fraction
ablation,tuning,cost_tight,graph_no_lock,4,max,new,Gap0_BoN,97.6437624297058,97.6437624297058,3,3,0,9,9,0,points
ablation,tuning,cost_tight,graph_no_lock,4,max,new,Gap0_MI,87.68254704178293,87.68254704178293,3,3,0,9,9,0,points
ablation,tuning,cost_tight,graph_no_lock,4,max,new,Gap_BoN,97.6437624297058,97.6437624297058,3,3,0,9,9,0,points
ablation,tuning,cost_tight,graph_no_lock,4,max,new,Gap_MI,87.68254704178293,87.68254704178293,3,3,0,9,9,0,points
ablation,tuning,cost_tight,graph_no_lock,4,max,new,RawPerf_BoN,0.9361682379687274,0.9361682379687274,3,3,0,9,9,0,fraction
ablation,tuning,cost_tight,graph_no_lock,4,max,new,RawPerf_MI,0.8785566146726961,0.8785566146726961,3,3,0,9,9,0,fraction
ablation,tuning,cost_tight,naive,4,max,new,Gap0_BoN,94.08194719787957,94.08194719787957,3,3,0,9,9,0,points
ablation,tuning,cost_tight,naive,4,max,new,Gap0_MI,84.81132403194074,84.81132403194074,3,3,0,9,9,0,points
ablation,tuning,cost_tight,naive,4,max,new,Gap_BoN,94.08194719787957,94.08194719787957,3,3,0,9,9,0,points
ablation,tuning,cost_tight,naive,4,max,new,Gap_MI,84.81132403194074,84.81132403194074,3,3,0,9,9,0,points
ablation,tuning,cost_tight,naive,4,max,new,RawPerf_BoN,0.9153905466750816,0.9153905466750816,3,3,0,9,9,0,fraction
ablation,tuning,cost_tight,naive,4,max,new,RawPerf_MI,0.8819027073957302,0.8819027073957302,3,3,0,9,9,0,fraction
ablation,tuning,cost_tight,peer_context,4,max,new,Gap0_BoN,93.33875157047025,93.33875157047025,3,3,0,9,9,0,points
ablation,tuning,cost_tight,peer_context,4,max,new,Gap0_MI,87.54977812608338,87.54977812608338,3,3,0,9,9,0,points
ablation,tuning,cost_tight,peer_context,4,max,new,Gap_BoN,93.33875157047025,93.33875157047025,3,3,0,9,9,0,points
ablation,tuning,cost_tight,peer_context,4,max,new,Gap_MI,87.54977812608338,87.54977812608338,3,3,0,9,9,0,points
ablation,tuning,cost_tight,peer_context,4,max,new,RawPerf_BoN,0.9135468580104686,0.9135468580104686,3,3,0,9,9,0,fraction
ablation,tuning,cost_tight,peer_context,4,max,new,RawPerf_MI,0.8901436698657496,0.8901436698657496,3,3,0,9,9,0,fraction
ablation,tuning,cost_tight,poolact,4,max,new,Gap0_BoN,98.33674819921312,98.33674819921312,3,3,0,9,9,0,points
ablation,tuning,cost_tight,poolact,4,max,new,Gap0_MI,96.04380763951576,96.04380763951576,3,3,0,9,9,0,points
ablation,tuning,cost_tight,poolact,4,max,new,Gap_BoN,98.33674819921312,98.33674819921312,3,3,0,9,9,0,points
ablation,tuning,cost_tight,poolact,4,max,new,Gap_MI,96.04380763951576,96.04380763951576,3,3,0,9,9,0,points
ablation,tuning,cost_tight,poolact,4,max,new,RawPerf_BoN,0.9392620766604388,0.9392620766604388,3,3,0,9,9,0,fraction
ablation,tuning,cost_tight,poolact,4,max,new,RawPerf_MI,0.9265222494248991,0.9265222494248991,3,3,0,9,9,0,fraction
scaling,evidence_audit,cost_moderate,cached,2,max,new,EA_MI,0.8144796380090498,0.8144796380090498,13,13,0,13,13,0,fraction
scaling,evidence_audit,cost_moderate,cached,2,max,new,EA_MV,0.8687782805429864,0.8687782805429864,13,13,0,13,13,0,fraction
scaling,evidence_audit,cost_moderate,cached,2,max,new,LA_MI,0.8959276018099547,0.8959276018099547,13,13,0,13,13,0,fraction
scaling,evidence_audit,cost_moderate,cached,2,max,new,LA_MV,0.9411764705882353,0.9411764705882353,13,13,0,13,13,0,fraction
scaling,evidence_audit,cost_moderate,cached,4,max,new,EA_MI,0.8529411764705882,0.8529411764705882,13,13,0,13,13,0,fraction
scaling,evidence_audit,cost_moderate,cached,4,max,new,EA_MV,0.9004524886877827,0.9004524886877827,13,13,0,13,13,0,fraction
scaling,evidence_audit,cost_moderate,cached,4,max,new,LA_MI,0.9208144796380091,0.9208144796380091,13,13,0,13,13,0,fraction
scaling,evidence_audit,cost_moderate,cached,4,max,new,LA_MV,0.9457013574660633,0.9457013574660633,13,13,0,13,13,0,fraction
scaling,evidence_audit,cost_moderate,cached,6,max,new,EA_MI,0.7918552036199096,0.7918552036199096,13,13,0,13,13,0,fraction
scaling,evidence_audit,cost_moderate,cached,6,max,new,EA_MV,0.9230769230769231,0.9230769230769231,13,13,0,13,13,0,fraction
scaling,evidence_audit,cost_moderate,cached,6,max,new,LA_MI,0.8408748114630468,0.8408748114630468,13,13,0,13,13,0,fraction
scaling,evidence_audit,cost_moderate,cached,6,max,new,LA_MV,0.9547511312217195,0.9547511312217195,13,13,0,13,13,0,fraction
scaling,evidence_audit,cost_moderate,cached,8,max,new,EA_MI,0.8178733031674208,0.8178733031674208,13,13,0,13,13,0,fraction
scaling,evidence_audit,cost_moderate,cached,8,max,new,EA_MV,0.9185520361990951,0.9185520361990951,13,13,0,13,13,0,fraction
scaling,evidence_audit,cost_moderate,cached,8,max,new,LA_MI,0.8614253393665159,0.8614253393665159,13,13,0,13,13,0,fraction
scaling,evidence_audit,cost_moderate,cached,8,max,new,LA_MV,0.9547511312217195,0.9547511312217195,13,13,0,13,13,0,fraction
scaling,evidence_audit,cost_moderate,naive,2,max,new,EA_MI,0.7760180995475113,0.7760180995475113,13,13,0,13,13,0,fraction
scaling,evidence_audit,cost_moderate,naive,2,max,new,EA_MV,0.8257918552036199,0.8257918552036199,13,13,0,13,13,0,fraction
scaling,evidence_audit,cost_moderate,naive,2,max,new,LA_MI,0.8676470588235294,0.8676470588235294,13,13,0,13,13,0,fraction
scaling,evidence_audit,cost_moderate,naive,2,max,new,LA_MV,0.9225921137685843,0.9225921137685843,13,13,0,13,13,0,fraction
scaling,evidence_audit,cost_moderate,naive,4,max,new,EA_MI,0.7760180995475113,0.7760180995475113,13,13,0,13,13,0,fraction
scaling,evidence_audit,cost_moderate,naive,4,max,new,EA_MV,0.8428571428571429,0.8428571428571429,13,13,0,13,13,0,fraction
scaling,evidence_audit,cost_moderate,naive,4,max,new,LA_MI,0.8676470588235294,0.8676470588235294,13,13,0,13,13,0,fraction
scaling,evidence_audit,cost_moderate,naive,4,max,new,LA_MV,0.9316742081447964,0.9316742081447964,13,13,0,13,13,0,fraction
scaling,evidence_audit,cost_moderate,naive,6,max,new,EA_MI,0.7760180995475113,0.7760180995475113,13,13,0,13,13,0,fraction
scaling,evidence_audit,cost_moderate,naive,6,max,new,EA_MV,0.8445378151260504,0.8445378151260504,13,13,0,13,13,0,fraction
scaling,evidence_audit,cost_moderate,naive,6,max,new,LA_MI,0.8676470588235294,0.8676470588235294,13,13,0,13,13,0,fraction
scaling,evidence_audit,cost_moderate,naive,6,max,new,LA_MV,0.9318034906270201,0.9318034906270201,13,13,0,13,13,0,fraction
scaling,evidence_audit,cost_moderate,naive,8,max,new,EA_MI,0.7760180995475113,0.7760180995475113,13,13,0,13,13,0,fraction
scaling,evidence_audit,cost_moderate,naive,8,max,new,EA_MV,0.8416289592760181,0.8416289592760181,13,13,0,13,13,0,fraction
scaling,evidence_audit,cost_moderate,naive,8,max,new,LA_MI,0.8676470588235294,0.8676470588235294,13,13,0,13,13,0,fraction
scaling,evidence_audit,cost_moderate,naive,8,max,new,LA_MV,0.9321266968325792,0.9321266968325792,13,13,0,13,13,0,fraction
scaling,evidence_audit,cost_moderate,poolact,2,max,new,EA_MI,0.8936651583710407,0.8936651583710407,13,13,0,13,13,0,fraction
scaling,evidence_audit,cost_moderate,poolact,2,max,new,EA_MV,0.9276018099547512,0.9276018099547512,13,13,0,13,13,0,fraction
scaling,evidence_audit,cost_moderate,poolact,2,max,new,LA_MI,0.9230769230769231,0.9230769230769231,13,13,0,13,13,0,fraction
scaling,evidence_audit,cost_moderate,poolact,2,max,new,LA_MV,0.9592760180995475,0.9592760180995475,13,13,0,13,13,0,fraction
scaling,evidence_audit,cost_moderate,poolact,4,max,new,EA_MI,0.8902714932126697,0.8902714932126697,13,13,0,13,13,0,fraction
scaling,evidence_audit,cost_moderate,poolact,4,max,new,EA_MV,0.9773755656108597,0.9773755656108597,13,13,0,13,13,0,fraction
scaling,evidence_audit,cost_moderate,poolact,4,max,new,LA_MI,0.9004524886877827,0.9004524886877827,13,13,0,13,13,0,fraction
scaling,evidence_audit,cost_moderate,poolact,4,max,new,LA_MV,0.9773755656108597,0.9773755656108597,13,13,0,13,13,0,fraction
scaling,evidence_audit,cost_moderate,poolact,6,max,new,EA_MI,0.9223227752639518,0.9223227752639518,13,13,0,13,13,0,fraction
scaling,evidence_audit,cost_moderate,poolact,6,max,new,EA_MV,1.0,1.0,13,13,0,13,13,0,fraction
scaling,evidence_audit,cost_moderate,poolact,6,max,new,LA_MI,0.9177978883861238,0.9177978883861238,13,13,0,13,13,0,fraction
scaling,evidence_audit,cost_moderate,poolact,6,max,new,LA_MV,0.9819004524886878,0.9819004524886878,13,13,0,13,13,0,fraction
scaling,evidence_audit,cost_moderate,poolact,8,max,new,EA_MI,0.9615384615384616,0.9615384615384616,13,13,0,13,13,0,fraction
scaling,evidence_audit,cost_moderate,poolact,8,max,new,EA_MV,1.0,1.0,13,13,0,13,13,0,fraction
scaling,evidence_audit,cost_moderate,poolact,8,max,new,LA_MI,0.9383484162895928,0.9383484162895928,13,13,0,13,13,0,fraction
scaling,evidence_audit,cost_moderate,poolact,8,max,new,LA_MV,0.9819004524886878,0.9819004524886878,13,13,0,13,13,0,fraction
scaling,evidence_audit,cost_tight,cached,2,max,new,EA_MI,0.5972850678733032,0.5972850678733032,13,13,0,13,13,0,fraction
scaling,evidence_audit,cost_tight,cached,2,max,new,EA_MV,0.6199095022624435,0.6199095022624435,13,13,0,13,13,0,fraction
scaling,evidence_audit,cost_tight,cached,2,max,new,LA_MI,0.8461538461538461,0.8461538461538461,13,13,0,13,13,0,fraction
scaling,evidence_audit,cost_tight,cached,2,max,new,LA_MV,0.8823529411764706,0.8823529411764706,13,13,0,13,13,0,fraction
scaling,evidence_audit,cost_tight,cached,4,max,new,EA_MI,0.6346153846153846,0.6346153846153846,13,13,0,13,13,0,fraction
scaling,evidence_audit,cost_tight,cached,4,max,new,EA_MV,0.669683257918552,0.669683257918552,13,13,0,13,13,0,fraction
scaling,evidence_audit,cost_tight,cached,4,max,new,LA_MI,0.847285067873303,0.847285067873303,13,13,0,13,13,0,fraction
scaling,evidence_audit,cost_tight,cached,4,max,new,LA_MV,0.8868778280542986,0.8868778280542986,13,13,0,13,13,0,fraction
scaling,evidence_audit,cost_tight,cached,6,max,new,EA_MI,0.6327300150829562,0.6327300150829562,13,13,0,13,13,0,fraction
scaling,evidence_audit,cost_tight,cached,6,max,new,EA_MV,0.6606334841628959,0.6606334841628959,13,13,0,13,13,0,fraction
scaling,evidence_audit,cost_tight,cached,6,max,new,LA_MI,0.8491704374057315,0.8491704374057315,13,13,0,13,13,0,fraction
scaling,evidence_audit,cost_tight,cached,6,max,new,LA_MV,0.9004524886877827,0.9004524886877827,13,13,0,13,13,0,fraction
scaling,evidence_audit,cost_tight,cached,8,max,new,EA_MI,0.620475113122172,0.620475113122172,13,13,0,13,13,0,fraction
scaling,evidence_audit,cost_tight,cached,8,max,new,EA_MV,0.6606334841628959,0.6606334841628959,13,13,0,13,13,0,fraction
scaling,evidence_audit,cost_tight,cached,8,max,new,LA_MI,0.8252262443438915,0.8252262443438915,13,13,0,13,13,0,fraction
scaling,evidence_audit,cost_tight,cached,8,max,new,LA_MV,0.8959276018099547,0.8959276018099547,13,13,0,13,13,0,fraction
scaling,evidence_audit,cost_tight,naive,2,max,new,EA_MI,0.5910633484162896,0.5910633484162896,13,13,0,13,13,0,fraction
scaling,evidence_audit,cost_tight,naive,2,max,new,EA_MV,0.6320297349709114,0.6320297349709114,13,13,0,13,13,0,fraction
scaling,evidence_audit,cost_tight,naive,2,max,new,LA_MI,0.8201357466063348,0.8201357466063348,13,13,0,13,13,0,fraction
scaling,evidence_audit,cost_tight,naive,2,max,new,LA_MV,0.8749191984486102,0.8749191984486102,13,13,0,13,13,0,fraction
scaling,evidence_audit,cost_tight,naive,4,max,new,EA_MI,0.5910633484162896,0.5910633484162896,13,13,0,13,13,0,fraction
scaling,evidence_audit,cost_tight,naive,4,max,new,EA_MV,0.6312863606981254,0.6312863606981254,13,13,0,13,13,0,fraction
scaling,evidence_audit,cost_tight,naive,4,max,new,LA_MI,0.8201357466063348,0.8201357466063348,13,13,0,13,13,0,fraction
scaling,evidence_audit,cost_tight,naive,4,max,new,LA_MV,0.8827407886231415,0.8827407886231415,13,13,0,13,13,0,fraction
scaling,evidence_audit,cost_tight,naive,6,max,new,EA_MI,0.5910633484162896,0.5910633484162896,13,13,0,13,13,0,fraction
scaling,evidence_audit,cost_tight,naive,6,max,new,EA_MV,0.6281512605042017,0.6281512605042017,13,13,0,13,13,0,fraction
scaling,evidence_audit,cost_tight,naive,6,max,new,LA_MI,0.8201357466063348,0.8201357466063348,13,13,0,13,13,0,fraction
scaling,evidence_audit,cost_tight,naive,6,max,new,LA_MV,0.8825145442792501,0.8825145442792501,13,13,0,13,13,0,fraction
scaling,evidence_audit,cost_tight,naive,8,max,new,EA_MI,0.5910633484162896,0.5910633484162896,13,13,0,13,13,0,fraction
scaling,evidence_audit,cost_tight,naive,8,max,new,EA_MV,0.6334841628959276,0.6334841628959276,13,13,0,13,13,0,fraction
scaling,evidence_audit,cost_tight,naive,8,max,new,LA_MI,0.8201357466063348,0.8201357466063348,13,13,0,13,13,0,fraction
scaling,evidence_audit,cost_tight,naive,8,max,new,LA_MV,0.8868778280542986,0.8868778280542986,13,13,0,13,13,0,fraction
scaling,evidence_audit,cost_tight,poolact,2,max,new,EA_MI,0.6312217194570136,0.6312217194570136,13,13,0,13,13,0,fraction
scaling,evidence_audit,cost_tight,poolact,2,max,new,EA_MV,0.6425339366515838,0.6425339366515838,13,13,0,13,13,0,fraction
scaling,evidence_audit,cost_tight,poolact,2,max,new,LA_MI,0.7963800904977376,0.7963800904977376,13,13,0,13,13,0,fraction
scaling,evidence_audit,cost_tight,poolact,2,max,new,LA_MV,0.8280542986425339,0.8280542986425339,13,13,0,13,13,0,fraction
scaling,evidence_audit,cost_tight,poolact,4,max,new,EA_MI,0.6787330316742082,0.6787330316742082,13,13,0,13,13,0,fraction
scaling,evidence_audit,cost_tight,poolact,4,max,new,EA_MV,0.8099547511312217,0.8099547511312217,13,13,0,13,13,0,fraction
scaling,evidence_audit,cost_tight,poolact,4,max,new,LA_MI,0.7771493212669683,0.7771493212669683,13,13,0,13,13,0,fraction
scaling,evidence_audit,cost_tight,poolact,4,max,new,LA_MV,0.9411764705882353,0.9411764705882353,13,13,0,13,13,0,fraction
scaling,evidence_audit,cost_tight,poolact,6,max,new,EA_MI,0.8009049773755657,0.8009049773755657,13,13,0,13,13,0,fraction
scaling,evidence_audit,cost_tight,poolact,6,max,new,EA_MV,0.8733031674208145,0.8733031674208145,13,13,0,13,13,0,fraction
scaling,evidence_audit,cost_tight,poolact,6,max,new,LA_MI,0.8725490196078431,0.8725490196078431,13,13,0,13,13,0,fraction
scaling,evidence_audit,cost_tight,poolact,6,max,new,LA_MV,0.9502262443438915,0.9502262443438915,13,13,0,13,13,0,fraction
scaling,evidence_audit,cost_tight,poolact,8,max,new,EA_MI,0.8297511312217195,0.8297511312217195,13,13,0,13,13,0,fraction
scaling,evidence_audit,cost_tight,poolact,8,max,new,EA_MV,0.9230769230769231,0.9230769230769231,13,13,0,13,13,0,fraction
scaling,evidence_audit,cost_tight,poolact,8,max,new,LA_MI,0.8665158371040724,0.8665158371040724,13,13,0,13,13,0,fraction
scaling,evidence_audit,cost_tight,poolact,8,max,new,LA_MV,0.9638009049773756,0.9638009049773756,13,13,0,13,13,0,fraction
thinking_same_version,evidence_audit,cost_free,single,1,low,same_version_low,EA,0.9079939668174963,0.9079939668174963,13,13,0,39,39,0,fraction
thinking_same_version,evidence_audit,cost_free,single,1,low,same_version_low,LA,0.9532428355957767,0.9532428355957767,13,13,0,39,39,0,fraction
thinking_same_version,evidence_audit,cost_free,single,1,max,same_version_max,EA,0.9472096530920061,0.9472096530920061,13,13,0,39,39,0,fraction
thinking_same_version,evidence_audit,cost_free,single,1,max,same_version_max,LA,0.9457013574660633,0.9457013574660633,13,13,0,39,39,0,fraction
thinking_same_version,evidence_audit,cost_moderate,single,1,low,same_version_low,EA,0.6606334841628959,0.6606334841628959,13,13,0,39,39,0,fraction
thinking_same_version,evidence_audit,cost_moderate,single,1,low,same_version_low,LA,0.8446455505279035,0.8446455505279035,13,13,0,39,39,0,fraction
thinking_same_version,evidence_audit,cost_moderate,single,1,max,same_version_max,EA,0.8174962292609351,0.8174962292609351,13,13,0,39,39,0,fraction
thinking_same_version,evidence_audit,cost_moderate,single,1,max,same_version_max,LA,0.9034690799396681,0.9034690799396681,13,13,0,39,39,0,fraction
thinking_same_version,evidence_audit,cost_tight,single,1,low,same_version_low,EA,0.5882352941176471,0.5882352941176471,13,13,0,39,39,0,fraction
thinking_same_version,evidence_audit,cost_tight,single,1,low,same_version_low,LA,0.8612368024132729,0.8612368024132729,13,13,0,39,39,0,fraction
thinking_same_version,evidence_audit,cost_tight,single,1,max,same_version_max,EA,0.5791855203619909,0.5791855203619909,13,13,0,39,39,0,fraction
thinking_same_version,evidence_audit,cost_tight,single,1,max,same_version_max,LA,0.779788838612368,0.779788838612368,13,13,0,39,39,0,fraction
thinking_same_version,restricted_search,cost_free,single,1,low,same_version_low,F1,0.4941419839002434,0.4941419839002434,73,73,0,73,73,0,fraction
thinking_same_version,restricted_search,cost_free,single,1,max,same_version_max,F1,0.6063091622318053,0.6063091622318053,73,73,0,73,73,0,fraction
thinking_same_version,restricted_search,cost_moderate,single,1,low,same_version_low,F1,0.4131774461548837,0.4131774461548837,73,73,0,73,73,0,fraction
thinking_same_version,restricted_search,cost_moderate,single,1,max,same_version_max,F1,0.5565826330532213,0.5565826330532213,73,73,0,73,73,0,fraction
thinking_same_version,restricted_search,cost_tight,single,1,low,same_version_low,F1,0.1392962664517862,0.1392962664517862,73,73,0,73,73,0,fraction
thinking_same_version,restricted_search,cost_tight,single,1,max,same_version_max,F1,0.18105633286938685,0.18105633286938685,73,73,0,73,73,0,fraction
thinking_same_version,tuning,cost_free,single,1,low,same_version_low,Gap,95.6207690216876,95.6207690216876,9,9,0,27,27,0,points
thinking_same_version,tuning,cost_free,single,1,low,same_version_low,Gap0,95.6207690216876,95.6207690216876,9,9,0,27,27,0,points
thinking_same_version,tuning,cost_free,single,1,low,same_version_low,RawPerf,0.8276065154598405,0.8276065154598405,9,9,0,27,27,0,fraction
thinking_same_version,tuning,cost_free,single,1,max,same_version_max,Gap,98.70012837554783,98.70012837554783,9,9,0,27,27,0,points
thinking_same_version,tuning,cost_free,single,1,max,same_version_max,Gap0,98.70012837554783,98.70012837554783,9,9,0,27,27,0,points
thinking_same_version,tuning,cost_free,single,1,max,same_version_max,RawPerf,0.8305349189086979,0.8305349189086979,9,9,0,27,27,0,fraction
thinking_same_version,tuning,cost_moderate,single,1,low,same_version_low,Gap,93.97026994320885,93.97026994320885,9,9,0,27,27,0,points
thinking_same_version,tuning,cost_moderate,single,1,low,same_version_low,Gap0,93.97026994320885,93.97026994320885,9,9,0,27,27,0,points
thinking_same_version,tuning,cost_moderate,single,1,low,same_version_low,RawPerf,0.8225501892824513,0.8225501892824513,9,9,0,27,27,0,fraction
thinking_same_version,tuning,cost_moderate,single,1,max,same_version_max,Gap,96.29501511667895,96.29501511667895,9,9,0,27,27,0,points
thinking_same_version,tuning,cost_moderate,single,1,max,same_version_max,Gap0,96.29501511667895,96.29501511667895,9,9,0,27,27,0,points
thinking_same_version,tuning,cost_moderate,single,1,max,same_version_max,RawPerf,0.8244919937311237,0.8244919937311237,9,9,0,27,27,0,fraction
thinking_same_version,tuning,cost_tight,single,1,low,same_version_low,Gap,86.1185028204746,86.1185028204746,9,9,0,27,27,0,points
thinking_same_version,tuning,cost_tight,single,1,low,same_version_low,Gap0,86.1185028204746,86.1185028204746,9,9,0,27,27,0,points
thinking_same_version,tuning,cost_tight,single,1,low,same_version_low,RawPerf,0.8114080233197607,0.8114080233197607,9,9,0,27,27,0,fraction
thinking_same_version,tuning,cost_tight,single,1,max,same_version_max,Gap,83.60137961522916,83.60137961522916,9,9,0,27,27,0,points
thinking_same_version,tuning,cost_tight,single,1,max,same_version_max,Gap0,83.60137961522916,83.60137961522916,9,9,0,27,27,0,points
thinking_same_version,tuning,cost_tight,single,1,max,same_version_max,RawPerf,0.7929699315713576,0.7929699315713576,9,9,0,27,27,0,fraction
thinking_historical_reference,evidence_audit,cost_free,single,1,max,historical,EA,0.8642533936651583,0.8642533936651583,13,13,0,39,39,0,fraction
thinking_historical_reference,evidence_audit,cost_free,single,1,max,historical,LA,0.8687782805429863,0.8687782805429863,13,13,0,39,39,0,fraction
thinking_historical_reference,evidence_audit,cost_moderate,single,1,max,historical,EA,0.7511312217194571,0.7511312217194571,13,13,0,39,39,0,fraction
thinking_historical_reference,evidence_audit,cost_moderate,single,1,max,historical,LA,0.8521870286576169,0.8521870286576169,13,13,0,39,39,0,fraction
thinking_historical_reference,evidence_audit,cost_tight,single,1,max,historical,EA,0.5158371040723982,0.5158371040723982,13,13,0,39,39,0,fraction
thinking_historical_reference,evidence_audit,cost_tight,single,1,max,historical,LA,0.7586726998491705,0.7586726998491705,13,13,0,39,39,0,fraction
thinking_historical_reference,restricted_search,cost_free,single,1,max,historical,F1,0.6511024967511673,0.6511024967511673,73,73,0,73,73,0,fraction
thinking_historical_reference,restricted_search,cost_moderate,single,1,max,historical,F1,0.538631735964108,0.538631735964108,73,73,0,73,73,0,fraction
thinking_historical_reference,restricted_search,cost_tight,single,1,max,historical,F1,0.19234139483938034,0.19234139483938034,73,73,0,73,73,0,fraction
thinking_historical_reference,tuning,cost_free,single,1,max,historical,Gap,97.91114276048467,97.91114276048467,9,9,0,27,27,0,points
thinking_historical_reference,tuning,cost_free,single,1,max,historical,Gap0,97.91114276048467,97.91114276048467,9,9,0,27,27,0,points
thinking_historical_reference,tuning,cost_free,single,1,max,historical,RawPerf,0.8291095460822065,0.8291095460822065,9,9,0,27,27,0,fraction
thinking_historical_reference,tuning,cost_moderate,single,1,max,historical,Gap,96.15455969143889,96.15455969143889,9,9,0,27,27,0,points
thinking_historical_reference,tuning,cost_moderate,single,1,max,historical,Gap0,96.15455969143889,96.15455969143889,9,9,0,27,27,0,points
thinking_historical_reference,tuning,cost_moderate,single,1,max,historical,RawPerf,0.8247661035481927,0.8247661035481927,9,9,0,27,27,0,fraction
thinking_historical_reference,tuning,cost_tight,single,1,max,historical,Gap,86.06688865843707,86.06688865843707,9,9,0,27,27,0,points
thinking_historical_reference,tuning,cost_tight,single,1,max,historical,Gap0,86.06688865843707,86.06688865843707,9,9,0,27,27,0,points
thinking_historical_reference,tuning,cost_tight,single,1,max,historical,RawPerf,0.8019560234466865,0.8019560234466865,9,9,0,27,27,0,fraction
